# GENERATED by hc-conformance --write-coverage-traceability. One row per (element, attribute,
# fixture) triple InterfaceInventoryLedger marks present -- i.e. one severance run per place the
# interface actually shows up. Presence (interface-inventory.tsv) only means the attribute
# resolves to a real IDREF somewhere; it says nothing about whether the interface DOES anything.
# This ledger answers that by emptying the attribute out of every occurrence in the fixture and
# re-parsing every word against the mutant, exactly as CounterfactualLedger does for a unit
# surface. verdict is CounterfactualVerdict: only Evidenced is a word-level witness;
# RequiredByLoader/RequiredByDtd mean severing it made the grammar fail to load (a real but weaker
# signal -- no word was ever reached); Unobservable means the interface is present but INERT in
# this fixture -- every word parsed identically with it severed. Absent fields are "-".
element	attribute	fixture	verdict	mutation	delta	example_word	example_outcome	counterexample_kind	counterexample_outcome
AffixTemplate	requiredPartsOfSpeech	edge-cases/deep-optional-affix-nesting	Unobservable	removed requiredPartsOfSpeech from 1 <AffixTemplate> element(s)	all 3 word(s) unchanged	-	-	None	-
AffixTemplate	requiredPartsOfSpeech	edge-cases/diacritic-segments	Unobservable	removed requiredPartsOfSpeech from 1 <AffixTemplate> element(s)	all 13 word(s) unchanged	-	-	None	-
AffixTemplate	requiredPartsOfSpeech	edge-cases/loader-isactive-breadth	Unobservable	removed requiredPartsOfSpeech from 2 <AffixTemplate> element(s)	all 18 word(s) unchanged	-	-	None	-
AffixTemplate	requiredPartsOfSpeech	edge-cases/morphotactic-attribute-breadth	Unobservable	removed requiredPartsOfSpeech from 3 <AffixTemplate> element(s)	all 33 word(s) unchanged	-	-	None	-
AffixTemplate	requiredPartsOfSpeech	languages/prefixal-discontinuous-slot-dependency	Unobservable	removed requiredPartsOfSpeech from 1 <AffixTemplate> element(s)	all 10 word(s) unchanged	-	-	None	-
AffixTemplate	requiredPartsOfSpeech	languages/suffixing-evidential-adjacency-chain	Unobservable	removed requiredPartsOfSpeech from 1 <AffixTemplate> element(s)	all 28 word(s) unchanged	-	-	None	-
AffixTemplate	requiredPartsOfSpeech	languages/suffixing-extension-slot-ordering	Evidenced	removed requiredPartsOfSpeech from 1 <AffixTemplate> element(s)	'mpe': ok::PPE|mpe -> ok::-	mpe	ok::PPE|mpe	Word	ok::-
AffixTemplate	requiredPartsOfSpeech	languages/suffixing-vowel-harmony	Evidenced	removed requiredPartsOfSpeech from 1 <AffixTemplate> element(s)	'gan': ok::GAN|gan -> ok::-	gan	ok::GAN|gan	Word	ok::-
Allomorph	stemName	edge-cases/stem-name-restricted-root-allomorph	Evidenced	removed stemName from 1 <Allomorph> element(s)	'kap': ok::- -> ok::ROOT|kap	kap	ok::-	Word	ok::ROOT|kap
Allomorph	stemName	languages/fusional-realizational-morphology	Evidenced	removed stemName from 2 <Allomorph> element(s)	'muno': ok::- -> ok::STEM+P1|muno	muno	ok::-	Word	ok::STEM+P1|muno
Allomorph	stemName	languages/suffixing-extension-slot-ordering	Evidenced	removed stemName from 1 <Allomorph> element(s)	'daleh': ok::DAL+STEMREQ|daleh -> ok::-	daleh	ok::DAL+STEMREQ|daleh	Word	ok::-
Allomorph	stemName	languages/templatic-root-modification	Evidenced	removed stemName from 2 <Allomorph> element(s)	'halaku': ok::- -> ok::HLK+IMPF|halaku	halaku	ok::-	Word	ok::HLK+IMPF|halaku
AllomorphCoOccurrenceRule	otherAllomorphs	edge-cases/morphotactic-attribute-breadth	RequiredByDtd	removed otherAllomorphs from 6 <AllomorphCoOccurrenceRule> element(s)	InvalidOperationException: Unhandled exception. System.Xml.Schema.XmlSchemaException: The required attribute 'otherAllom...	topdori	ok::-	LoadFailure	InvalidOperationException: Unhandled exception. System.Xml.Schema.XmlSchemaException: The required attribute 'otherAllom...
AllomorphCoOccurrenceRule	otherAllomorphs	languages/suffixing-evidential-adjacency-chain	RequiredByDtd	removed otherAllomorphs from 1 <AllomorphCoOccurrenceRule> element(s)	InvalidOperationException: Unhandled exception. System.Xml.Schema.XmlSchemaException: The required attribute 'otherAllom...	tupay	ok::TUPA+1SG|tupay;TUPA2+1SG|tupay	LoadFailure	InvalidOperationException: Unhandled exception. System.Xml.Schema.XmlSchemaException: The required attribute 'otherAllom...
AllomorphCoOccurrenceRule	primaryAllomorph	edge-cases/morphotactic-attribute-breadth	RequiredByDtd	removed primaryAllomorph from 6 <AllomorphCoOccurrenceRule> element(s)	InvalidOperationException: Unhandled exception. System.Xml.Schema.XmlSchemaException: The required attribute 'primaryAll...	topdori	ok::-	LoadFailure	InvalidOperationException: Unhandled exception. System.Xml.Schema.XmlSchemaException: The required attribute 'primaryAll...
AllomorphCoOccurrenceRule	primaryAllomorph	languages/suffixing-evidential-adjacency-chain	RequiredByDtd	removed primaryAllomorph from 1 <AllomorphCoOccurrenceRule> element(s)	InvalidOperationException: Unhandled exception. System.Xml.Schema.XmlSchemaException: The required attribute 'primaryAll...	tupay	ok::TUPA+1SG|tupay;TUPA2+1SG|tupay	LoadFailure	InvalidOperationException: Unhandled exception. System.Xml.Schema.XmlSchemaException: The required attribute 'primaryAll...
AlphaVariable	variableFeature	edge-cases/alpha-variable-name-collision	RequiredByDtd	removed variableFeature from 4 <AlphaVariable> element(s)	InvalidOperationException: Unhandled exception. System.Xml.Schema.XmlSchemaException: The required attribute 'variableFe...	au	ok::-	LoadFailure	InvalidOperationException: Unhandled exception. System.Xml.Schema.XmlSchemaException: The required attribute 'variableFe...
AlphaVariable	variableFeature	edge-cases/feature-system-breadth	RequiredByDtd	removed variableFeature from 2 <AlphaVariable> element(s)	InvalidOperationException: Unhandled exception. System.Xml.Schema.XmlSchemaException: The required attribute 'variableFe...	ik	ok::AK|ik	LoadFailure	InvalidOperationException: Unhandled exception. System.Xml.Schema.XmlSchemaException: The required attribute 'variableFe...
AlphaVariable	variableFeature	languages/suffixing-vowel-harmony	RequiredByDtd	removed variableFeature from 2 <AlphaVariable> element(s)	InvalidOperationException: Unhandled exception. System.Xml.Schema.XmlSchemaException: The required attribute 'variableFe...	semitide	ok::SEMIT+PAST|semitide	LoadFailure	InvalidOperationException: Unhandled exception. System.Xml.Schema.XmlSchemaException: The required attribute 'variableFe...
BoundaryMarker	boundary	languages/metathesis-phase-isolation	RequiredByDtd	removed boundary from 1 <BoundaryMarker> element(s)	InvalidOperationException: Unhandled exception. System.Xml.Schema.XmlSchemaException: The required attribute 'boundary' ...	idil	ok::-	LoadFailure	InvalidOperationException: Unhandled exception. System.Xml.Schema.XmlSchemaException: The required attribute 'boundary' ...
CompoundingRule	headPartsOfSpeech	edge-cases/compounding-breadth	Unobservable	removed headPartsOfSpeech from 4 <CompoundingRule> element(s)	all 11 word(s) unchanged	-	-	None	-
CompoundingRule	headPartsOfSpeech	languages/fusional-realizational-morphology	Unobservable	removed headPartsOfSpeech from 3 <CompoundingRule> element(s)	all 63 word(s) unchanged	-	-	None	-
CompoundingRule	headPartsOfSpeech	languages/polysynthetic-stratal-derivation-chain	Evidenced	removed headPartsOfSpeech from 2 <CompoundingRule> element(s)	'silaaku': ok::- -> ok::SILA+AKU|sila+?aku;SILA+AKU|sila+?aku	silaaku	ok::-	Word	ok::SILA+AKU|sila+?aku;SILA+AKU|sila+?aku
CompoundingRule	headProdRestrictionsMprFeatures	languages/fusional-realizational-morphology	Evidenced	removed headProdRestrictionsMprFeatures from 1 <CompoundingRule> element(s)	'seclav': ok::- -> ok::SEC+LAV|sec+?lav	seclav	ok::-	Word	ok::SEC+LAV|sec+?lav
CompoundingRule	nonHeadPartsOfSpeech	edge-cases/compounding-breadth	Unobservable	removed nonHeadPartsOfSpeech from 4 <CompoundingRule> element(s)	all 11 word(s) unchanged	-	-	None	-
CompoundingRule	nonHeadPartsOfSpeech	languages/fusional-realizational-morphology	Unobservable	removed nonHeadPartsOfSpeech from 3 <CompoundingRule> element(s)	all 63 word(s) unchanged	-	-	None	-
CompoundingRule	nonHeadPartsOfSpeech	languages/polysynthetic-stratal-derivation-chain	Unobservable	removed nonHeadPartsOfSpeech from 2 <CompoundingRule> element(s)	all 24 word(s) unchanged	-	-	None	-
CompoundingRule	outputObligatoryFeatures	languages/fusional-realizational-morphology	Unobservable	removed outputObligatoryFeatures from 1 <CompoundingRule> element(s)	all 63 word(s) unchanged	-	-	None	-
CompoundingRule	outputPartOfSpeech	edge-cases/compounding-breadth	Evidenced	removed outputPartOfSpeech from 4 <CompoundingRule> element(s)	'katumi': ok::- -> ok::KA+TU+TPLSUF|katumi	katumi	ok::-	Word	ok::KA+TU+TPLSUF|katumi
CompoundingRule	outputPartOfSpeech	languages/fusional-realizational-morphology	Unobservable	removed outputPartOfSpeech from 1 <CompoundingRule> element(s)	all 63 word(s) unchanged	-	-	None	-
CopyFromInput	index	edge-cases/compounding-breadth	RequiredByDtd	removed index from 9 <CopyFromInput> element(s)	InvalidOperationException: Unhandled exception. System.Xml.Schema.XmlSchemaException: The required attribute 'index' is ...	ka	ok::KA|ka	LoadFailure	InvalidOperationException: Unhandled exception. System.Xml.Schema.XmlSchemaException: The required attribute 'index' is ...
CopyFromInput	index	edge-cases/cross-table-root-respelling	RequiredByDtd	removed index from 1 <CopyFromInput> element(s)	InvalidOperationException: Unhandled exception. System.Xml.Schema.XmlSchemaException: The required attribute 'index' is ...	t	ok::ROOT1|m;ROOT3|t	LoadFailure	InvalidOperationException: Unhandled exception. System.Xml.Schema.XmlSchemaException: The required attribute 'index' is ...
CopyFromInput	index	edge-cases/deep-optional-affix-nesting	RequiredByDtd	removed index from 12 <CopyFromInput> element(s)	InvalidOperationException: Unhandled exception. System.Xml.Schema.XmlSchemaException: The required attribute 'index' is ...	k	ok::K|k	LoadFailure	InvalidOperationException: Unhandled exception. System.Xml.Schema.XmlSchemaException: The required attribute 'index' is ...
CopyFromInput	index	edge-cases/diacritic-segments	RequiredByDtd	removed index from 2 <CopyFromInput> element(s)	InvalidOperationException: Unhandled exception. System.Xml.Schema.XmlSchemaException: The required attribute 'index' is ...	año	ok::YEAR|año	LoadFailure	InvalidOperationException: Unhandled exception. System.Xml.Schema.XmlSchemaException: The required attribute 'index' is ...
CopyFromInput	index	edge-cases/disjunctive-recheck	RequiredByDtd	removed index from 3 <CopyFromInput> element(s)	InvalidOperationException: Unhandled exception. System.Xml.Schema.XmlSchemaException: The required attribute 'index' is ...	wak	ok::|wak	LoadFailure	InvalidOperationException: Unhandled exception. System.Xml.Schema.XmlSchemaException: The required attribute 'index' is ...
CopyFromInput	index	edge-cases/feature-gating-breadth	RequiredByDtd	removed index from 4 <CopyFromInput> element(s)	InvalidOperationException: Unhandled exception. System.Xml.Schema.XmlSchemaException: The required attribute 'index' is ...	kal	ok::KAL|kal	LoadFailure	InvalidOperationException: Unhandled exception. System.Xml.Schema.XmlSchemaException: The required attribute 'index' is ...
CopyFromInput	index	edge-cases/feature-system-breadth	RequiredByDtd	removed index from 1 <CopyFromInput> element(s)	InvalidOperationException: Unhandled exception. System.Xml.Schema.XmlSchemaException: The required attribute 'index' is ...	ik	ok::AK|ik	LoadFailure	InvalidOperationException: Unhandled exception. System.Xml.Schema.XmlSchemaException: The required attribute 'index' is ...
CopyFromInput	index	edge-cases/free-fluctuating-allomorph-pair	RequiredByDtd	removed index from 1 <CopyFromInput> element(s)	InvalidOperationException: Unhandled exception. System.Xml.Schema.XmlSchemaException: The required attribute 'index' is ...	pol	ok::ALT|pol	LoadFailure	InvalidOperationException: Unhandled exception. System.Xml.Schema.XmlSchemaException: The required attribute 'index' is ...
CopyFromInput	index	edge-cases/loader-isactive-breadth	RequiredByDtd	removed index from 8 <CopyFromInput> element(s)	InvalidOperationException: Unhandled exception. System.Xml.Schema.XmlSchemaException: The required attribute 'index' is ...	kul	ok::KUL|kul	LoadFailure	InvalidOperationException: Unhandled exception. System.Xml.Schema.XmlSchemaException: The required attribute 'index' is ...
CopyFromInput	index	edge-cases/morphotactic-attribute-breadth	RequiredByDtd	removed index from 18 <CopyFromInput> element(s)	InvalidOperationException: Unhandled exception. System.Xml.Schema.XmlSchemaException: The required attribute 'index' is ...	topdori	ok::-	LoadFailure	InvalidOperationException: Unhandled exception. System.Xml.Schema.XmlSchemaException: The required attribute 'index' is ...
CopyFromInput	index	edge-cases/mpr-gated-exception	RequiredByDtd	removed index from 4 <CopyFromInput> element(s)	InvalidOperationException: Unhandled exception. System.Xml.Schema.XmlSchemaException: The required attribute 'index' is ...	tulik	ok::TULIK|tulik	LoadFailure	InvalidOperationException: Unhandled exception. System.Xml.Schema.XmlSchemaException: The required attribute 'index' is ...
CopyFromInput	index	edge-cases/mpr-group-overwrite-without-realizational	RequiredByDtd	removed index from 3 <CopyFromInput> element(s)	InvalidOperationException: Unhandled exception. System.Xml.Schema.XmlSchemaException: The required attribute 'index' is ...	dof	ok::DOF|dof	LoadFailure	InvalidOperationException: Unhandled exception. System.Xml.Schema.XmlSchemaException: The required attribute 'index' is ...
CopyFromInput	index	edge-cases/mpr-overwrite-order-dependence	RequiredByDtd	removed index from 6 <CopyFromInput> element(s)	InvalidOperationException: Unhandled exception. System.Xml.Schema.XmlSchemaException: The required attribute 'index' is ...	dabo	ok::DABO|dabo	LoadFailure	InvalidOperationException: Unhandled exception. System.Xml.Schema.XmlSchemaException: The required attribute 'index' is ...
CopyFromInput	index	edge-cases/stem-name-restricted-root-allomorph	RequiredByDtd	removed index from 2 <CopyFromInput> element(s)	InvalidOperationException: Unhandled exception. System.Xml.Schema.XmlSchemaException: The required attribute 'index' is ...	tam	ok::ROOT|tam	LoadFailure	InvalidOperationException: Unhandled exception. System.Xml.Schema.XmlSchemaException: The required attribute 'index' is ...
CopyFromInput	index	edge-cases/strrep-identity	RequiredByDtd	removed index from 5 <CopyFromInput> element(s)	InvalidOperationException: Unhandled exception. System.Xml.Schema.XmlSchemaException: The required attribute 'index' is ...	pat	ok::+|[(^0)∅]?+?pat;|pat	LoadFailure	InvalidOperationException: Unhandled exception. System.Xml.Schema.XmlSchemaException: The required attribute 'index' is ...
CopyFromInput	index	edge-cases/subrule-morphosyntactic-gating	RequiredByDtd	removed index from 1 <CopyFromInput> element(s)	InvalidOperationException: Unhandled exception. System.Xml.Schema.XmlSchemaException: The required attribute 'index' is ...	pat	ok::ROOT1|pat	LoadFailure	InvalidOperationException: Unhandled exception. System.Xml.Schema.XmlSchemaException: The required attribute 'index' is ...
CopyFromInput	index	edge-cases/truncate-morphotactic	RequiredByDtd	removed index from 3 <CopyFromInput> element(s)	InvalidOperationException: Unhandled exception. System.Xml.Schema.XmlSchemaException: The required attribute 'index' is ...	sag	ok::|sag	LoadFailure	InvalidOperationException: Unhandled exception. System.Xml.Schema.XmlSchemaException: The required attribute 'index' is ...
CopyFromInput	index	languages/fusional-realizational-morphology	RequiredByDtd	removed index from 28 <CopyFromInput> element(s)	InvalidOperationException: Unhandled exception. System.Xml.Schema.XmlSchemaException: The required attribute 'index' is ...	mun	ok::STEM|mun	LoadFailure	InvalidOperationException: Unhandled exception. System.Xml.Schema.XmlSchemaException: The required attribute 'index' is ...
CopyFromInput	index	languages/metathesis-phase-isolation	RequiredByDtd	removed index from 15 <CopyFromInput> element(s)	InvalidOperationException: Unhandled exception. System.Xml.Schema.XmlSchemaException: The required attribute 'index' is ...	idil	ok::-	LoadFailure	InvalidOperationException: Unhandled exception. System.Xml.Schema.XmlSchemaException: The required attribute 'index' is ...
CopyFromInput	index	languages/polysynthetic-stratal-derivation-chain	RequiredByDtd	removed index from 8 <CopyFromInput> element(s)	InvalidOperationException: Unhandled exception. System.Xml.Schema.XmlSchemaException: The required attribute 'index' is ...	nuna	ok::NUNA|nuna	LoadFailure	InvalidOperationException: Unhandled exception. System.Xml.Schema.XmlSchemaException: The required attribute 'index' is ...
CopyFromInput	index	languages/prefixal-discontinuous-slot-dependency	RequiredByDtd	removed index from 8 <CopyFromInput> element(s)	InvalidOperationException: Unhandled exception. System.Xml.Schema.XmlSchemaException: The required attribute 'index' is ...	shiyidkal	ok::SBJ+PRF+CLF+KAL|shiyidkal	LoadFailure	InvalidOperationException: Unhandled exception. System.Xml.Schema.XmlSchemaException: The required attribute 'index' is ...
CopyFromInput	index	languages/suffixing-evidential-adjacency-chain	RequiredByDtd	removed index from 13 <CopyFromInput> element(s)	InvalidOperationException: Unhandled exception. System.Xml.Schema.XmlSchemaException: The required attribute 'index' is ...	tupay	ok::TUPA+1SG|tupay;TUPA2+1SG|tupay	LoadFailure	InvalidOperationException: Unhandled exception. System.Xml.Schema.XmlSchemaException: The required attribute 'index' is ...
CopyFromInput	index	languages/suffixing-extension-slot-ordering	RequiredByDtd	removed index from 19 <CopyFromInput> element(s)	InvalidOperationException: Unhandled exception. System.Xml.Schema.XmlSchemaException: The required attribute 'index' is ...	mbe	ok::-	LoadFailure	InvalidOperationException: Unhandled exception. System.Xml.Schema.XmlSchemaException: The required attribute 'index' is ...
CopyFromInput	index	languages/suffixing-vowel-harmony	RequiredByDtd	removed index from 7 <CopyFromInput> element(s)	InvalidOperationException: Unhandled exception. System.Xml.Schema.XmlSchemaException: The required attribute 'index' is ...	semitide	ok::SEMIT+PAST|semitide	LoadFailure	InvalidOperationException: Unhandled exception. System.Xml.Schema.XmlSchemaException: The required attribute 'index' is ...
CopyFromInput	index	languages/templatic-root-modification	RequiredByDtd	removed index from 9 <CopyFromInput> element(s)	InvalidOperationException: Unhandled exception. System.Xml.Schema.XmlSchemaException: The required attribute 'index' is ...	katab	ok::KTB|katab	LoadFailure	InvalidOperationException: Unhandled exception. System.Xml.Schema.XmlSchemaException: The required attribute 'index' is ...
FeatureValue	feature	edge-cases/alpha-variable-name-collision	RequiredByDtd	removed feature from 8 <FeatureValue> element(s)	InvalidOperationException: Unhandled exception. System.Xml.Schema.XmlSchemaException: The required attribute 'feature' i...	au	ok::-	LoadFailure	InvalidOperationException: Unhandled exception. System.Xml.Schema.XmlSchemaException: The required attribute 'feature' i...
FeatureValue	feature	edge-cases/compounding-breadth	RequiredByDtd	removed feature from 20 <FeatureValue> element(s)	InvalidOperationException: Unhandled exception. System.Xml.Schema.XmlSchemaException: The required attribute 'feature' i...	ka	ok::KA|ka	LoadFailure	InvalidOperationException: Unhandled exception. System.Xml.Schema.XmlSchemaException: The required attribute 'feature' i...
FeatureValue	feature	edge-cases/cross-table-root-respelling	RequiredByDtd	removed feature from 10 <FeatureValue> element(s)	InvalidOperationException: Unhandled exception. System.Xml.Schema.XmlSchemaException: The required attribute 'feature' i...	t	ok::ROOT1|m;ROOT3|t	LoadFailure	InvalidOperationException: Unhandled exception. System.Xml.Schema.XmlSchemaException: The required attribute 'feature' i...
FeatureValue	feature	edge-cases/disjunctive-recheck	RequiredByDtd	removed feature from 13 <FeatureValue> element(s)	InvalidOperationException: Unhandled exception. System.Xml.Schema.XmlSchemaException: The required attribute 'feature' i...	wak	ok::|wak	LoadFailure	InvalidOperationException: Unhandled exception. System.Xml.Schema.XmlSchemaException: The required attribute 'feature' i...
FeatureValue	feature	edge-cases/feature-gating-breadth	RequiredByDtd	removed feature from 15 <FeatureValue> element(s)	InvalidOperationException: Unhandled exception. System.Xml.Schema.XmlSchemaException: The required attribute 'feature' i...	kal	ok::KAL|kal	LoadFailure	InvalidOperationException: Unhandled exception. System.Xml.Schema.XmlSchemaException: The required attribute 'feature' i...
FeatureValue	feature	edge-cases/feature-system-breadth	RequiredByDtd	removed feature from 27 <FeatureValue> element(s)	InvalidOperationException: Unhandled exception. System.Xml.Schema.XmlSchemaException: The required attribute 'feature' i...	ik	ok::AK|ik	LoadFailure	InvalidOperationException: Unhandled exception. System.Xml.Schema.XmlSchemaException: The required attribute 'feature' i...
FeatureValue	feature	edge-cases/free-fluctuating-allomorph-pair	RequiredByDtd	removed feature from 8 <FeatureValue> element(s)	InvalidOperationException: Unhandled exception. System.Xml.Schema.XmlSchemaException: The required attribute 'feature' i...	pol	ok::ALT|pol	LoadFailure	InvalidOperationException: Unhandled exception. System.Xml.Schema.XmlSchemaException: The required attribute 'feature' i...
FeatureValue	feature	edge-cases/loader-default-symbol	RequiredByDtd	removed feature from 14 <FeatureValue> element(s)	InvalidOperationException: Unhandled exception. System.Xml.Schema.XmlSchemaException: The required attribute 'feature' i...	bat	ok::|bat	LoadFailure	InvalidOperationException: Unhandled exception. System.Xml.Schema.XmlSchemaException: The required attribute 'feature' i...
FeatureValue	feature	edge-cases/loader-isactive	RequiredByDtd	removed feature from 9 <FeatureValue> element(s)	InvalidOperationException: Unhandled exception. System.Xml.Schema.XmlSchemaException: The required attribute 'feature' i...	kat	ok::|kat	LoadFailure	InvalidOperationException: Unhandled exception. System.Xml.Schema.XmlSchemaException: The required attribute 'feature' i...
FeatureValue	feature	edge-cases/metathesis-comparison-crash	RequiredByDtd	removed feature from 2 <FeatureValue> element(s)	InvalidOperationException: Unhandled exception. System.Xml.Schema.XmlSchemaException: The required attribute 'feature' i...	ti	ok::-	LoadFailure	InvalidOperationException: Unhandled exception. System.Xml.Schema.XmlSchemaException: The required attribute 'feature' i...
FeatureValue	feature	edge-cases/morphotactic-attribute-breadth	RequiredByDtd	removed feature from 4 <FeatureValue> element(s)	InvalidOperationException: Unhandled exception. System.Xml.Schema.XmlSchemaException: The required attribute 'feature' i...	topdori	ok::-	LoadFailure	InvalidOperationException: Unhandled exception. System.Xml.Schema.XmlSchemaException: The required attribute 'feature' i...
FeatureValue	feature	edge-cases/mpr-gated-exception	RequiredByDtd	removed feature from 110 <FeatureValue> element(s)	InvalidOperationException: Unhandled exception. System.Xml.Schema.XmlSchemaException: The required attribute 'feature' i...	tulik	ok::TULIK|tulik	LoadFailure	InvalidOperationException: Unhandled exception. System.Xml.Schema.XmlSchemaException: The required attribute 'feature' i...
FeatureValue	feature	edge-cases/process-morphology-in-place-mutation	RequiredByDtd	removed feature from 6 <FeatureValue> element(s)	InvalidOperationException: Unhandled exception. System.Xml.Schema.XmlSchemaException: The required attribute 'feature' i...	i	ok::ROOT|i	LoadFailure	InvalidOperationException: Unhandled exception. System.Xml.Schema.XmlSchemaException: The required attribute 'feature' i...
FeatureValue	feature	edge-cases/rewrite-analysis-feature-neutralization	RequiredByDtd	removed feature from 8 <FeatureValue> element(s)	InvalidOperationException: Unhandled exception. System.Xml.Schema.XmlSchemaException: The required attribute 'feature' i...	d	ok::ROOT1|b;ROOT2|d	LoadFailure	InvalidOperationException: Unhandled exception. System.Xml.Schema.XmlSchemaException: The required attribute 'feature' i...
FeatureValue	feature	edge-cases/right-to-left-anchor-environment	RequiredByDtd	removed feature from 2 <FeatureValue> element(s)	InvalidOperationException: Unhandled exception. System.Xml.Schema.XmlSchemaException: The required attribute 'feature' i...	aae	ok::ROOT1|aae	LoadFailure	InvalidOperationException: Unhandled exception. System.Xml.Schema.XmlSchemaException: The required attribute 'feature' i...
FeatureValue	feature	edge-cases/simultaneous-epenthesis-cascade	RequiredByDtd	removed feature from 23 <FeatureValue> element(s)	InvalidOperationException: Unhandled exception. System.Xml.Schema.XmlSchemaException: The required attribute 'feature' i...	bubu	threw::InfiniteLoopException	LoadFailure	InvalidOperationException: Unhandled exception. System.Xml.Schema.XmlSchemaException: The required attribute 'feature' i...
FeatureValue	feature	edge-cases/stem-name-restricted-root-allomorph	RequiredByDtd	removed feature from 3 <FeatureValue> element(s)	InvalidOperationException: Unhandled exception. System.Xml.Schema.XmlSchemaException: The required attribute 'feature' i...	tam	ok::ROOT|tam	LoadFailure	InvalidOperationException: Unhandled exception. System.Xml.Schema.XmlSchemaException: The required attribute 'feature' i...
FeatureValue	feature	edge-cases/subrule-morphosyntactic-gating	RequiredByDtd	removed feature from 16 <FeatureValue> element(s)	InvalidOperationException: Unhandled exception. System.Xml.Schema.XmlSchemaException: The required attribute 'feature' i...	pat	ok::ROOT1|pat	LoadFailure	InvalidOperationException: Unhandled exception. System.Xml.Schema.XmlSchemaException: The required attribute 'feature' i...
FeatureValue	feature	edge-cases/synthesis-stratum-render-stale-table	RequiredByDtd	removed feature from 8 <FeatureValue> element(s)	InvalidOperationException: Unhandled exception. System.Xml.Schema.XmlSchemaException: The required attribute 'feature' i...	j	ok::ROOTCROSS|	LoadFailure	InvalidOperationException: Unhandled exception. System.Xml.Schema.XmlSchemaException: The required attribute 'feature' i...
FeatureValue	feature	edge-cases/truncate-morphotactic	RequiredByDtd	removed feature from 19 <FeatureValue> element(s)	InvalidOperationException: Unhandled exception. System.Xml.Schema.XmlSchemaException: The required attribute 'feature' i...	sag	ok::|sag	LoadFailure	InvalidOperationException: Unhandled exception. System.Xml.Schema.XmlSchemaException: The required attribute 'feature' i...
FeatureValue	feature	languages/fusional-realizational-morphology	RequiredByDtd	removed feature from 43 <FeatureValue> element(s)	InvalidOperationException: Unhandled exception. System.Xml.Schema.XmlSchemaException: The required attribute 'feature' i...	mun	ok::STEM|mun	LoadFailure	InvalidOperationException: Unhandled exception. System.Xml.Schema.XmlSchemaException: The required attribute 'feature' i...
FeatureValue	feature	languages/metathesis-phase-isolation	RequiredByDtd	removed feature from 140 <FeatureValue> element(s)	InvalidOperationException: Unhandled exception. System.Xml.Schema.XmlSchemaException: The required attribute 'feature' i...	idil	ok::-	LoadFailure	InvalidOperationException: Unhandled exception. System.Xml.Schema.XmlSchemaException: The required attribute 'feature' i...
FeatureValue	feature	languages/polysynthetic-stratal-derivation-chain	RequiredByDtd	removed feature from 121 <FeatureValue> element(s)	InvalidOperationException: Unhandled exception. System.Xml.Schema.XmlSchemaException: The required attribute 'feature' i...	nuna	ok::NUNA|nuna	LoadFailure	InvalidOperationException: Unhandled exception. System.Xml.Schema.XmlSchemaException: The required attribute 'feature' i...
FeatureValue	feature	languages/suffixing-extension-slot-ordering	RequiredByDtd	removed feature from 131 <FeatureValue> element(s)	InvalidOperationException: Unhandled exception. System.Xml.Schema.XmlSchemaException: The required attribute 'feature' i...	mbe	ok::-	LoadFailure	InvalidOperationException: Unhandled exception. System.Xml.Schema.XmlSchemaException: The required attribute 'feature' i...
FeatureValue	feature	languages/suffixing-vowel-harmony	RequiredByDtd	removed feature from 116 <FeatureValue> element(s)	InvalidOperationException: Unhandled exception. System.Xml.Schema.XmlSchemaException: The required attribute 'feature' i...	semitide	ok::SEMIT+PAST|semitide	LoadFailure	InvalidOperationException: Unhandled exception. System.Xml.Schema.XmlSchemaException: The required attribute 'feature' i...
FeatureValue	feature	languages/templatic-root-modification	RequiredByDtd	removed feature from 127 <FeatureValue> element(s)	InvalidOperationException: Unhandled exception. System.Xml.Schema.XmlSchemaException: The required attribute 'feature' i...	katab	ok::KTB|katab	LoadFailure	InvalidOperationException: Unhandled exception. System.Xml.Schema.XmlSchemaException: The required attribute 'feature' i...
FeatureValue	symbolValues	edge-cases/alpha-variable-name-collision	RequiredByLoader	removed symbolValues from 8 <FeatureValue> element(s)	InvalidOperationException: Unhandled exception. System.InvalidCastException: Unable to cast object of type 'SIL.Machine....	au	ok::-	LoadFailure	InvalidOperationException: Unhandled exception. System.InvalidCastException: Unable to cast object of type 'SIL.Machine....
FeatureValue	symbolValues	edge-cases/compounding-breadth	RequiredByLoader	removed symbolValues from 20 <FeatureValue> element(s)	InvalidOperationException: Unhandled exception. System.InvalidCastException: Unable to cast object of type 'SIL.Machine....	ka	ok::KA|ka	LoadFailure	InvalidOperationException: Unhandled exception. System.InvalidCastException: Unable to cast object of type 'SIL.Machine....
FeatureValue	symbolValues	edge-cases/cross-table-root-respelling	RequiredByLoader	removed symbolValues from 10 <FeatureValue> element(s)	InvalidOperationException: Unhandled exception. System.InvalidCastException: Unable to cast object of type 'SIL.Machine....	t	ok::ROOT1|m;ROOT3|t	LoadFailure	InvalidOperationException: Unhandled exception. System.InvalidCastException: Unable to cast object of type 'SIL.Machine....
FeatureValue	symbolValues	edge-cases/disjunctive-recheck	RequiredByLoader	removed symbolValues from 13 <FeatureValue> element(s)	InvalidOperationException: Unhandled exception. System.InvalidCastException: Unable to cast object of type 'SIL.Machine....	wak	ok::|wak	LoadFailure	InvalidOperationException: Unhandled exception. System.InvalidCastException: Unable to cast object of type 'SIL.Machine....
FeatureValue	symbolValues	edge-cases/feature-gating-breadth	RequiredByLoader	removed symbolValues from 15 <FeatureValue> element(s)	InvalidOperationException: Unhandled exception. System.InvalidCastException: Unable to cast object of type 'SIL.Machine....	kal	ok::KAL|kal	LoadFailure	InvalidOperationException: Unhandled exception. System.InvalidCastException: Unable to cast object of type 'SIL.Machine....
FeatureValue	symbolValues	edge-cases/feature-system-breadth	RequiredByLoader	removed symbolValues from 25 <FeatureValue> element(s)	InvalidOperationException: Unhandled exception. System.InvalidCastException: Unable to cast object of type 'SIL.Machine....	ik	ok::AK|ik	LoadFailure	InvalidOperationException: Unhandled exception. System.InvalidCastException: Unable to cast object of type 'SIL.Machine....
FeatureValue	symbolValues	edge-cases/free-fluctuating-allomorph-pair	RequiredByLoader	removed symbolValues from 8 <FeatureValue> element(s)	InvalidOperationException: Unhandled exception. System.InvalidCastException: Unable to cast object of type 'SIL.Machine....	pol	ok::ALT|pol	LoadFailure	InvalidOperationException: Unhandled exception. System.InvalidCastException: Unable to cast object of type 'SIL.Machine....
FeatureValue	symbolValues	edge-cases/loader-default-symbol	RequiredByLoader	removed symbolValues from 14 <FeatureValue> element(s)	InvalidOperationException: Unhandled exception. System.InvalidCastException: Unable to cast object of type 'SIL.Machine....	bat	ok::|bat	LoadFailure	InvalidOperationException: Unhandled exception. System.InvalidCastException: Unable to cast object of type 'SIL.Machine....
FeatureValue	symbolValues	edge-cases/loader-isactive	RequiredByLoader	removed symbolValues from 9 <FeatureValue> element(s)	InvalidOperationException: Unhandled exception. System.InvalidCastException: Unable to cast object of type 'SIL.Machine....	kat	ok::|kat	LoadFailure	InvalidOperationException: Unhandled exception. System.InvalidCastException: Unable to cast object of type 'SIL.Machine....
FeatureValue	symbolValues	edge-cases/metathesis-comparison-crash	RequiredByLoader	removed symbolValues from 2 <FeatureValue> element(s)	InvalidOperationException: Unhandled exception. System.InvalidCastException: Unable to cast object of type 'SIL.Machine....	ti	ok::-	LoadFailure	InvalidOperationException: Unhandled exception. System.InvalidCastException: Unable to cast object of type 'SIL.Machine....
FeatureValue	symbolValues	edge-cases/morphotactic-attribute-breadth	RequiredByLoader	removed symbolValues from 4 <FeatureValue> element(s)	InvalidOperationException: Unhandled exception. System.InvalidCastException: Unable to cast object of type 'SIL.Machine....	topdori	ok::-	LoadFailure	InvalidOperationException: Unhandled exception. System.InvalidCastException: Unable to cast object of type 'SIL.Machine....
FeatureValue	symbolValues	edge-cases/mpr-gated-exception	RequiredByLoader	removed symbolValues from 110 <FeatureValue> element(s)	InvalidOperationException: Unhandled exception. System.InvalidCastException: Unable to cast object of type 'SIL.Machine....	tulik	ok::TULIK|tulik	LoadFailure	InvalidOperationException: Unhandled exception. System.InvalidCastException: Unable to cast object of type 'SIL.Machine....
FeatureValue	symbolValues	edge-cases/process-morphology-in-place-mutation	RequiredByLoader	removed symbolValues from 6 <FeatureValue> element(s)	InvalidOperationException: Unhandled exception. System.InvalidCastException: Unable to cast object of type 'SIL.Machine....	i	ok::ROOT|i	LoadFailure	InvalidOperationException: Unhandled exception. System.InvalidCastException: Unable to cast object of type 'SIL.Machine....
FeatureValue	symbolValues	edge-cases/rewrite-analysis-feature-neutralization	RequiredByLoader	removed symbolValues from 8 <FeatureValue> element(s)	InvalidOperationException: Unhandled exception. System.InvalidCastException: Unable to cast object of type 'SIL.Machine....	d	ok::ROOT1|b;ROOT2|d	LoadFailure	InvalidOperationException: Unhandled exception. System.InvalidCastException: Unable to cast object of type 'SIL.Machine....
FeatureValue	symbolValues	edge-cases/right-to-left-anchor-environment	RequiredByLoader	removed symbolValues from 2 <FeatureValue> element(s)	InvalidOperationException: Unhandled exception. System.InvalidCastException: Unable to cast object of type 'SIL.Machine....	aae	ok::ROOT1|aae	LoadFailure	InvalidOperationException: Unhandled exception. System.InvalidCastException: Unable to cast object of type 'SIL.Machine....
FeatureValue	symbolValues	edge-cases/simultaneous-epenthesis-cascade	RequiredByLoader	removed symbolValues from 23 <FeatureValue> element(s)	InvalidOperationException: Unhandled exception. System.InvalidCastException: Unable to cast object of type 'SIL.Machine....	bubu	threw::InfiniteLoopException	LoadFailure	InvalidOperationException: Unhandled exception. System.InvalidCastException: Unable to cast object of type 'SIL.Machine....
FeatureValue	symbolValues	edge-cases/stem-name-restricted-root-allomorph	RequiredByLoader	removed symbolValues from 3 <FeatureValue> element(s)	InvalidOperationException: Unhandled exception. System.InvalidCastException: Unable to cast object of type 'SIL.Machine....	tam	ok::ROOT|tam	LoadFailure	InvalidOperationException: Unhandled exception. System.InvalidCastException: Unable to cast object of type 'SIL.Machine....
FeatureValue	symbolValues	edge-cases/subrule-morphosyntactic-gating	RequiredByLoader	removed symbolValues from 16 <FeatureValue> element(s)	InvalidOperationException: Unhandled exception. System.InvalidCastException: Unable to cast object of type 'SIL.Machine....	pat	ok::ROOT1|pat	LoadFailure	InvalidOperationException: Unhandled exception. System.InvalidCastException: Unable to cast object of type 'SIL.Machine....
FeatureValue	symbolValues	edge-cases/synthesis-stratum-render-stale-table	RequiredByLoader	removed symbolValues from 8 <FeatureValue> element(s)	InvalidOperationException: Unhandled exception. System.InvalidCastException: Unable to cast object of type 'SIL.Machine....	j	ok::ROOTCROSS|	LoadFailure	InvalidOperationException: Unhandled exception. System.InvalidCastException: Unable to cast object of type 'SIL.Machine....
FeatureValue	symbolValues	edge-cases/truncate-morphotactic	RequiredByLoader	removed symbolValues from 19 <FeatureValue> element(s)	InvalidOperationException: Unhandled exception. System.InvalidCastException: Unable to cast object of type 'SIL.Machine....	sag	ok::|sag	LoadFailure	InvalidOperationException: Unhandled exception. System.InvalidCastException: Unable to cast object of type 'SIL.Machine....
FeatureValue	symbolValues	languages/fusional-realizational-morphology	RequiredByLoader	removed symbolValues from 43 <FeatureValue> element(s)	InvalidOperationException: Unhandled exception. System.InvalidCastException: Unable to cast object of type 'SIL.Machine....	mun	ok::STEM|mun	LoadFailure	InvalidOperationException: Unhandled exception. System.InvalidCastException: Unable to cast object of type 'SIL.Machine....
FeatureValue	symbolValues	languages/metathesis-phase-isolation	RequiredByLoader	removed symbolValues from 140 <FeatureValue> element(s)	InvalidOperationException: Unhandled exception. System.InvalidCastException: Unable to cast object of type 'SIL.Machine....	idil	ok::-	LoadFailure	InvalidOperationException: Unhandled exception. System.InvalidCastException: Unable to cast object of type 'SIL.Machine....
FeatureValue	symbolValues	languages/polysynthetic-stratal-derivation-chain	RequiredByLoader	removed symbolValues from 121 <FeatureValue> element(s)	InvalidOperationException: Unhandled exception. System.InvalidCastException: Unable to cast object of type 'SIL.Machine....	nuna	ok::NUNA|nuna	LoadFailure	InvalidOperationException: Unhandled exception. System.InvalidCastException: Unable to cast object of type 'SIL.Machine....
FeatureValue	symbolValues	languages/suffixing-extension-slot-ordering	RequiredByLoader	removed symbolValues from 131 <FeatureValue> element(s)	InvalidOperationException: Unhandled exception. System.InvalidCastException: Unable to cast object of type 'SIL.Machine....	mbe	ok::-	LoadFailure	InvalidOperationException: Unhandled exception. System.InvalidCastException: Unable to cast object of type 'SIL.Machine....
FeatureValue	symbolValues	languages/suffixing-vowel-harmony	RequiredByLoader	removed symbolValues from 116 <FeatureValue> element(s)	InvalidOperationException: Unhandled exception. System.InvalidCastException: Unable to cast object of type 'SIL.Machine....	semitide	ok::SEMIT+PAST|semitide	LoadFailure	InvalidOperationException: Unhandled exception. System.InvalidCastException: Unable to cast object of type 'SIL.Machine....
FeatureValue	symbolValues	languages/templatic-root-modification	RequiredByLoader	removed symbolValues from 127 <FeatureValue> element(s)	InvalidOperationException: Unhandled exception. System.InvalidCastException: Unable to cast object of type 'SIL.Machine....	katab	ok::KTB|katab	LoadFailure	InvalidOperationException: Unhandled exception. System.InvalidCastException: Unable to cast object of type 'SIL.Machine....
HeadMorphologicalInput	excludedMPRFeatures	languages/fusional-realizational-morphology	Unobservable	removed excludedMPRFeatures from 1 <HeadMorphologicalInput> element(s)	all 63 word(s) unchanged	-	-	None	-
HeadMorphologicalInput	requiredMPRFeatures	languages/fusional-realizational-morphology	Unobservable	removed requiredMPRFeatures from 1 <HeadMorphologicalInput> element(s)	all 63 word(s) unchanged	-	-	None	-
LexicalEntry	family	edge-cases/loader-isactive-breadth	Unobservable	removed family from 2 <LexicalEntry> element(s)	all 18 word(s) unchanged	-	-	None	-
LexicalEntry	family	edge-cases/morphotactic-attribute-breadth	Unobservable	removed family from 4 <LexicalEntry> element(s)	all 33 word(s) unchanged	-	-	None	-
LexicalEntry	family	languages/fusional-realizational-morphology	Evidenced	removed family from 6 <LexicalEntry> element(s)	'ducit': ok::- -> ok::DUC+PAST2|ducit	ducit	ok::-	Word	ok::DUC+PAST2|ducit
LexicalEntry	family	languages/suffixing-extension-slot-ordering	Evidenced	removed family from 2 <LexicalEntry> element(s)	'zamed': ok::- -> ok::ZAM+RREALTEST|zamed	zamed	ok::-	Word	ok::ZAM+RREALTEST|zamed
LexicalEntry	partOfSpeech	edge-cases/alpha-variable-name-collision	Unobservable	removed partOfSpeech from 1 <LexicalEntry> element(s)	all 2 word(s) unchanged	-	-	None	-
LexicalEntry	partOfSpeech	edge-cases/compounding-breadth	Unobservable	removed partOfSpeech from 6 <LexicalEntry> element(s)	all 11 word(s) unchanged	-	-	None	-
LexicalEntry	partOfSpeech	edge-cases/cross-table-root-respelling	Unobservable	removed partOfSpeech from 3 <LexicalEntry> element(s)	all 7 word(s) unchanged	-	-	None	-
LexicalEntry	partOfSpeech	edge-cases/deep-optional-affix-nesting	Unobservable	removed partOfSpeech from 1 <LexicalEntry> element(s)	all 3 word(s) unchanged	-	-	None	-
LexicalEntry	partOfSpeech	edge-cases/diacritic-segments	Unobservable	removed partOfSpeech from 4 <LexicalEntry> element(s)	all 13 word(s) unchanged	-	-	None	-
LexicalEntry	partOfSpeech	edge-cases/disjunctive-recheck	Unobservable	removed partOfSpeech from 4 <LexicalEntry> element(s)	all 12 word(s) unchanged	-	-	None	-
LexicalEntry	partOfSpeech	edge-cases/feature-gating-breadth	Unobservable	removed partOfSpeech from 4 <LexicalEntry> element(s)	all 15 word(s) unchanged	-	-	None	-
LexicalEntry	partOfSpeech	edge-cases/feature-system-breadth	Unobservable	removed partOfSpeech from 10 <LexicalEntry> element(s)	all 18 word(s) unchanged	-	-	None	-
LexicalEntry	partOfSpeech	edge-cases/free-fluctuating-allomorph-pair	Unobservable	removed partOfSpeech from 2 <LexicalEntry> element(s)	all 6 word(s) unchanged	-	-	None	-
LexicalEntry	partOfSpeech	edge-cases/loader-default-symbol	Unobservable	removed partOfSpeech from 2 <LexicalEntry> element(s)	all 2 word(s) unchanged	-	-	None	-
LexicalEntry	partOfSpeech	edge-cases/loader-isactive	Unobservable	removed partOfSpeech from 2 <LexicalEntry> element(s)	all 2 word(s) unchanged	-	-	None	-
LexicalEntry	partOfSpeech	edge-cases/loader-isactive-breadth	Unobservable	removed partOfSpeech from 6 <LexicalEntry> element(s)	all 18 word(s) unchanged	-	-	None	-
LexicalEntry	partOfSpeech	edge-cases/loader-pattern-shapes	Unobservable	removed partOfSpeech from 2 <LexicalEntry> element(s)	all 4 word(s) unchanged	-	-	None	-
LexicalEntry	partOfSpeech	edge-cases/metathesis-comparison-crash	Unobservable	removed partOfSpeech from 1 <LexicalEntry> element(s)	all 1 word(s) unchanged	-	-	None	-
LexicalEntry	partOfSpeech	edge-cases/morphotactic-attribute-breadth	Unobservable	removed partOfSpeech from 9 <LexicalEntry> element(s)	all 33 word(s) unchanged	-	-	None	-
LexicalEntry	partOfSpeech	edge-cases/mpr-gated-exception	Unobservable	removed partOfSpeech from 5 <LexicalEntry> element(s)	all 12 word(s) unchanged	-	-	None	-
LexicalEntry	partOfSpeech	edge-cases/mpr-group-overwrite-without-realizational	Unobservable	removed partOfSpeech from 1 <LexicalEntry> element(s)	all 5 word(s) unchanged	-	-	None	-
LexicalEntry	partOfSpeech	edge-cases/mpr-overwrite-order-dependence	Unobservable	removed partOfSpeech from 2 <LexicalEntry> element(s)	all 10 word(s) unchanged	-	-	None	-
LexicalEntry	partOfSpeech	edge-cases/process-morphology-in-place-mutation	Unobservable	removed partOfSpeech from 3 <LexicalEntry> element(s)	all 3 word(s) unchanged	-	-	None	-
LexicalEntry	partOfSpeech	edge-cases/rewrite-analysis-feature-neutralization	Unobservable	removed partOfSpeech from 3 <LexicalEntry> element(s)	all 7 word(s) unchanged	-	-	None	-
LexicalEntry	partOfSpeech	edge-cases/simultaneous-epenthesis-cascade	Unobservable	removed partOfSpeech from 1 <LexicalEntry> element(s)	all 1 word(s) unchanged	-	-	None	-
LexicalEntry	partOfSpeech	edge-cases/stem-name-restricted-root-allomorph	Unobservable	removed partOfSpeech from 1 <LexicalEntry> element(s)	all 6 word(s) unchanged	-	-	None	-
LexicalEntry	partOfSpeech	edge-cases/strrep-identity	Unobservable	removed partOfSpeech from 3 <LexicalEntry> element(s)	all 12 word(s) unchanged	-	-	None	-
LexicalEntry	partOfSpeech	edge-cases/subrule-morphosyntactic-gating	Evidenced	removed partOfSpeech from 1 <LexicalEntry> element(s)	'pat': ok::ROOT1|pat -> ok::-	pat	ok::ROOT1|pat	Word	ok::-
LexicalEntry	partOfSpeech	edge-cases/synthesis-stratum-render-stale-table	Unobservable	removed partOfSpeech from 2 <LexicalEntry> element(s)	all 5 word(s) unchanged	-	-	None	-
LexicalEntry	partOfSpeech	edge-cases/truncate-morphotactic	Unobservable	removed partOfSpeech from 3 <LexicalEntry> element(s)	all 9 word(s) unchanged	-	-	None	-
LexicalEntry	partOfSpeech	languages/fusional-realizational-morphology	Evidenced	removed partOfSpeech from 27 <LexicalEntry> element(s)	'mint': ok::STEM+P3|mint -> ok::MIT+PRESSTEM|mint;STEM+P3|mint	mint	ok::STEM+P3|mint	Word	ok::MIT+PRESSTEM|mint;STEM+P3|mint
LexicalEntry	partOfSpeech	languages/metathesis-phase-isolation	Evidenced	removed partOfSpeech from 9 <LexicalEntry> element(s)	'idil': ok::- -> ok::ADIL|idil	idil	ok::-	Word	ok::ADIL|idil
LexicalEntry	partOfSpeech	languages/polysynthetic-stratal-derivation-chain	Evidenced	removed partOfSpeech from 15 <LexicalEntry> element(s)	'nunavuq': ok::- -> ok::NUNA+INFL|nunavuq	nunavuq	ok::-	Word	ok::NUNA+INFL|nunavuq
LexicalEntry	partOfSpeech	languages/prefixal-discontinuous-slot-dependency	Unobservable	removed partOfSpeech from 2 <LexicalEntry> element(s)	all 10 word(s) unchanged	-	-	None	-
LexicalEntry	partOfSpeech	languages/suffixing-evidential-adjacency-chain	Unobservable	removed partOfSpeech from 5 <LexicalEntry> element(s)	all 28 word(s) unchanged	-	-	None	-
LexicalEntry	partOfSpeech	languages/suffixing-extension-slot-ordering	Evidenced	removed partOfSpeech from 19 <LexicalEntry> element(s)	'mpe': ok::PPE|mpe -> ok::-	mpe	ok::PPE|mpe	Word	ok::-
LexicalEntry	partOfSpeech	languages/suffixing-vowel-harmony	Evidenced	removed partOfSpeech from 11 <LexicalEntry> element(s)	'gan': ok::GAN|gan -> ok::-	gan	ok::GAN|gan	Word	ok::-
LexicalEntry	partOfSpeech	languages/templatic-root-modification	Evidenced	removed partOfSpeech from 9 <LexicalEntry> element(s)	'kataba': ok::KTB+P3SG|kataba -> ok::KTB+JUSS|kataba;KTB+P3SG|kataba	kataba	ok::KTB+P3SG|kataba	Word	ok::KTB+JUSS|kataba;KTB+P3SG|kataba
LexicalEntry	ruleFeatures	edge-cases/loader-isactive-breadth	Unobservable	removed ruleFeatures from 2 <LexicalEntry> element(s)	all 18 word(s) unchanged	-	-	None	-
LexicalEntry	ruleFeatures	edge-cases/morphotactic-attribute-breadth	Unobservable	removed ruleFeatures from 1 <LexicalEntry> element(s)	all 33 word(s) unchanged	-	-	None	-
LexicalEntry	ruleFeatures	edge-cases/mpr-gated-exception	Evidenced	removed ruleFeatures from 1 <LexicalEntry> element(s)	'vokadan': ok::- -> ok::VOKAD+SUF|vokadan	vokadan	ok::-	Word	ok::VOKAD+SUF|vokadan
LexicalEntry	ruleFeatures	languages/fusional-realizational-morphology	Evidenced	removed ruleFeatures from 6 <LexicalEntry> element(s)	'gofz': ok::GOF+ENDZ|gofz -> ok::-	gofz	ok::GOF+ENDZ|gofz	Word	ok::-
LexicalEntry	ruleFeatures	languages/prefixal-discontinuous-slot-dependency	Evidenced	removed ruleFeatures from 2 <LexicalEntry> element(s)	'shiyidkal': ok::SBJ+PRF+CLF+KAL|shiyidkal -> ok::-	shiyidkal	ok::SBJ+PRF+CLF+KAL|shiyidkal	Word	ok::-
LexicalEntry	ruleFeatures	languages/suffixing-extension-slot-ordering	Evidenced	removed ruleFeatures from 7 <LexicalEntry> element(s)	'mbe': ok::- -> ok::PPE|mbe	mbe	ok::-	Word	ok::PPE|mbe
MetathesisRule	leftSwitch	edge-cases/feature-system-breadth	RequiredByDtd	removed leftSwitch from 3 <MetathesisRule> element(s)	InvalidOperationException: Unhandled exception. System.Xml.Schema.XmlSchemaException: The required attribute 'leftSwitch...	ik	ok::AK|ik	LoadFailure	InvalidOperationException: Unhandled exception. System.Xml.Schema.XmlSchemaException: The required attribute 'leftSwitch...
MetathesisRule	leftSwitch	edge-cases/metathesis-comparison-crash	RequiredByDtd	removed leftSwitch from 1 <MetathesisRule> element(s)	InvalidOperationException: Unhandled exception. System.Xml.Schema.XmlSchemaException: The required attribute 'leftSwitch...	ti	ok::-	LoadFailure	InvalidOperationException: Unhandled exception. System.Xml.Schema.XmlSchemaException: The required attribute 'leftSwitch...
MetathesisRule	leftSwitch	languages/metathesis-phase-isolation	RequiredByDtd	removed leftSwitch from 2 <MetathesisRule> element(s)	InvalidOperationException: Unhandled exception. System.Xml.Schema.XmlSchemaException: The required attribute 'leftSwitch...	idil	ok::-	LoadFailure	InvalidOperationException: Unhandled exception. System.Xml.Schema.XmlSchemaException: The required attribute 'leftSwitch...
MetathesisRule	rightSwitch	edge-cases/feature-system-breadth	RequiredByDtd	removed rightSwitch from 3 <MetathesisRule> element(s)	InvalidOperationException: Unhandled exception. System.Xml.Schema.XmlSchemaException: The required attribute 'rightSwitc...	ik	ok::AK|ik	LoadFailure	InvalidOperationException: Unhandled exception. System.Xml.Schema.XmlSchemaException: The required attribute 'rightSwitc...
MetathesisRule	rightSwitch	edge-cases/metathesis-comparison-crash	RequiredByDtd	removed rightSwitch from 1 <MetathesisRule> element(s)	InvalidOperationException: Unhandled exception. System.Xml.Schema.XmlSchemaException: The required attribute 'rightSwitc...	ti	ok::-	LoadFailure	InvalidOperationException: Unhandled exception. System.Xml.Schema.XmlSchemaException: The required attribute 'rightSwitc...
MetathesisRule	rightSwitch	languages/metathesis-phase-isolation	RequiredByDtd	removed rightSwitch from 2 <MetathesisRule> element(s)	InvalidOperationException: Unhandled exception. System.Xml.Schema.XmlSchemaException: The required attribute 'rightSwitc...	idil	ok::-	LoadFailure	InvalidOperationException: Unhandled exception. System.Xml.Schema.XmlSchemaException: The required attribute 'rightSwitc...
ModifyFromInput	index	edge-cases/process-morphology-in-place-mutation	RequiredByDtd	removed index from 1 <ModifyFromInput> element(s)	InvalidOperationException: Unhandled exception. System.Xml.Schema.XmlSchemaException: The required attribute 'index' is ...	i	ok::ROOT|i	LoadFailure	InvalidOperationException: Unhandled exception. System.Xml.Schema.XmlSchemaException: The required attribute 'index' is ...
ModifyFromInput	index	languages/fusional-realizational-morphology	RequiredByDtd	removed index from 1 <ModifyFromInput> element(s)	InvalidOperationException: Unhandled exception. System.Xml.Schema.XmlSchemaException: The required attribute 'index' is ...	mun	ok::STEM|mun	LoadFailure	InvalidOperationException: Unhandled exception. System.Xml.Schema.XmlSchemaException: The required attribute 'index' is ...
ModifyFromInput	index	languages/templatic-root-modification	RequiredByDtd	removed index from 1 <ModifyFromInput> element(s)	InvalidOperationException: Unhandled exception. System.Xml.Schema.XmlSchemaException: The required attribute 'index' is ...	katab	ok::KTB|katab	LoadFailure	InvalidOperationException: Unhandled exception. System.Xml.Schema.XmlSchemaException: The required attribute 'index' is ...
MorphemeCoOccurrenceRule	otherMorphemes	edge-cases/morphotactic-attribute-breadth	RequiredByDtd	removed otherMorphemes from 2 <MorphemeCoOccurrenceRule> element(s)	InvalidOperationException: Unhandled exception. System.Xml.Schema.XmlSchemaException: The required attribute 'otherMorph...	topdori	ok::-	LoadFailure	InvalidOperationException: Unhandled exception. System.Xml.Schema.XmlSchemaException: The required attribute 'otherMorph...
MorphemeCoOccurrenceRule	otherMorphemes	languages/suffixing-evidential-adjacency-chain	RequiredByDtd	removed otherMorphemes from 6 <MorphemeCoOccurrenceRule> element(s)	InvalidOperationException: Unhandled exception. System.Xml.Schema.XmlSchemaException: The required attribute 'otherMorph...	tupay	ok::TUPA+1SG|tupay;TUPA2+1SG|tupay	LoadFailure	InvalidOperationException: Unhandled exception. System.Xml.Schema.XmlSchemaException: The required attribute 'otherMorph...
MorphemeCoOccurrenceRule	otherMorphemes	languages/templatic-root-modification	RequiredByDtd	removed otherMorphemes from 1 <MorphemeCoOccurrenceRule> element(s)	InvalidOperationException: Unhandled exception. System.Xml.Schema.XmlSchemaException: The required attribute 'otherMorph...	katab	ok::KTB|katab	LoadFailure	InvalidOperationException: Unhandled exception. System.Xml.Schema.XmlSchemaException: The required attribute 'otherMorph...
MorphemeCoOccurrenceRule	primaryMorpheme	edge-cases/morphotactic-attribute-breadth	RequiredByDtd	removed primaryMorpheme from 2 <MorphemeCoOccurrenceRule> element(s)	InvalidOperationException: Unhandled exception. System.Xml.Schema.XmlSchemaException: The required attribute 'primaryMor...	topdori	ok::-	LoadFailure	InvalidOperationException: Unhandled exception. System.Xml.Schema.XmlSchemaException: The required attribute 'primaryMor...
MorphemeCoOccurrenceRule	primaryMorpheme	languages/suffixing-evidential-adjacency-chain	RequiredByDtd	removed primaryMorpheme from 6 <MorphemeCoOccurrenceRule> element(s)	InvalidOperationException: Unhandled exception. System.Xml.Schema.XmlSchemaException: The required attribute 'primaryMor...	tupay	ok::TUPA+1SG|tupay;TUPA2+1SG|tupay	LoadFailure	InvalidOperationException: Unhandled exception. System.Xml.Schema.XmlSchemaException: The required attribute 'primaryMor...
MorphemeCoOccurrenceRule	primaryMorpheme	languages/templatic-root-modification	RequiredByDtd	removed primaryMorpheme from 1 <MorphemeCoOccurrenceRule> element(s)	InvalidOperationException: Unhandled exception. System.Xml.Schema.XmlSchemaException: The required attribute 'primaryMor...	katab	ok::KTB|katab	LoadFailure	InvalidOperationException: Unhandled exception. System.Xml.Schema.XmlSchemaException: The required attribute 'primaryMor...
MorphologicalInput	excludedMPRFeatures	edge-cases/morphotactic-attribute-breadth	Evidenced	removed excludedMPRFeatures from 1 <MorphologicalInput> element(s)	'topdori': ok::- -> ok::TOP+CONFEREXCL+EXCLREADER|topdori	topdori	ok::-	Word	ok::TOP+CONFEREXCL+EXCLREADER|topdori
MorphologicalInput	excludedMPRFeatures	edge-cases/mpr-gated-exception	Evidenced	removed excludedMPRFeatures from 1 <MorphologicalInput> element(s)	'vokadan': ok::- -> ok::VOKAD+SUF|vokadan	vokadan	ok::-	Word	ok::VOKAD+SUF|vokadan
MorphologicalInput	requiredMPRFeatures	edge-cases/morphotactic-attribute-breadth	Unobservable	removed requiredMPRFeatures from 1 <MorphologicalInput> element(s)	all 33 word(s) unchanged	-	-	None	-
MorphologicalInput	requiredMPRFeatures	edge-cases/mpr-group-overwrite-without-realizational	Evidenced	removed requiredMPRFeatures from 1 <MorphologicalInput> element(s)	'wudofq': ok::- -> ok::THEMEB+THEMEA+DOF+ENDC|wudofq	wudofq	ok::-	Word	ok::THEMEB+THEMEA+DOF+ENDC|wudofq
MorphologicalInput	requiredMPRFeatures	edge-cases/mpr-overwrite-order-dependence	Evidenced	removed requiredMPRFeatures from 2 <MorphologicalInput> element(s)	'daboxayuzi': ok::- -> ok::DABO+SETX+SETY+GATEX|daboxayuzi	daboxayuzi	ok::-	Word	ok::DABO+SETX+SETY+GATEX|daboxayuzi
MorphologicalInput	requiredMPRFeatures	languages/fusional-realizational-morphology	Evidenced	removed requiredMPRFeatures from 3 <MorphologicalInput> element(s)	'ygofz': ok::- -> ok::THEMEY+GOF+ENDZ|ygofz	ygofz	ok::-	Word	ok::THEMEY+GOF+ENDZ|ygofz
MorphologicalInput	requiredMPRFeatures	languages/prefixal-discontinuous-slot-dependency	Evidenced	removed requiredMPRFeatures from 3 <MorphologicalInput> element(s)	'bishiwodkal': ok::- -> ok::OBJ+SBJ+IMPF+CLF+KAL|bishiwodkal	bishiwodkal	ok::-	Word	ok::OBJ+SBJ+IMPF+CLF+KAL|bishiwodkal
MorphologicalInput	requiredMPRFeatures	languages/suffixing-extension-slot-ordering	RequiredByLoader	removed requiredMPRFeatures from 4 <MorphologicalInput> element(s)	InvalidOperationException: Stack overflow.    at SIL.Machine.FeatureModel.StringFeatureValue..ctor(System.Collections.Ge...	mbe	ok::-	LoadFailure	InvalidOperationException: Stack overflow.    at SIL.Machine.FeatureModel.StringFeatureValue..ctor(System.Collections.Ge...
MorphologicalOutput	MPRFeatures	edge-cases/morphotactic-attribute-breadth	Evidenced	removed MPRFeatures from 4 <MorphologicalOutput> element(s)	'topdori': ok::- -> ok::TOP+CONFEREXCL+EXCLREADER|topdori	topdori	ok::-	Word	ok::TOP+CONFEREXCL+EXCLREADER|topdori
MorphologicalOutput	MPRFeatures	edge-cases/mpr-gated-exception	Evidenced	removed MPRFeatures from 1 <MorphologicalOutput> element(s)	'menanukam': ok::- -> ok::NPFX+TANUK+DELEXCLSRC|menanukam;NPFX+TANUK+DELEXCLSRC|menanukam	menanukam	ok::-	Word	ok::NPFX+TANUK+DELEXCLSRC|menanukam;NPFX+TANUK+DELEXCLSRC|menanukam
MorphologicalOutput	MPRFeatures	edge-cases/mpr-group-overwrite-without-realizational	Evidenced	removed MPRFeatures from 2 <MorphologicalOutput> element(s)	'udofq': ok::THEMEA+DOF+ENDC|udofq -> ok::-	udofq	ok::THEMEA+DOF+ENDC|udofq	Word	ok::-
MorphologicalOutput	MPRFeatures	edge-cases/mpr-overwrite-order-dependence	Evidenced	removed MPRFeatures from 4 <MorphologicalOutput> element(s)	'daboyuxazi': ok::DABO+SETY+SETX+GATEX|daboyuxazi -> ok::-	daboyuxazi	ok::DABO+SETY+SETX+GATEX|daboyuxazi	Word	ok::-
MorphologicalOutput	MPRFeatures	languages/fusional-realizational-morphology	Evidenced	removed MPRFeatures from 5 <MorphologicalOutput> element(s)	'ygofz': ok::- -> ok::THEMEY+GOF+ENDZ|ygofz	ygofz	ok::-	Word	ok::THEMEY+GOF+ENDZ|ygofz
MorphologicalOutput	MPRFeatures	languages/prefixal-discontinuous-slot-dependency	Evidenced	removed MPRFeatures from 1 <MorphologicalOutput> element(s)	'bishiyidkal': ok::OBJ+SBJ+PRF+CLF+KAL|bishiyidkal -> ok::-	bishiyidkal	ok::OBJ+SBJ+PRF+CLF+KAL|bishiyidkal	Word	ok::-
MorphologicalOutput	MPRFeatures	languages/suffixing-extension-slot-ordering	Evidenced	removed MPRFeatures from 4 <MorphologicalOutput> element(s)	'nbael': ok::- -> ok::PPO+PHDESTROY|nbael	nbael	ok::-	Word	ok::PPO+PHDESTROY|nbael
MorphologicalPhonologicalRuleFeatureGroup	features	edge-cases/morphotactic-attribute-breadth	RequiredByDtd	removed features from 2 <MorphologicalPhonologicalRuleFeatureGroup> element(s)	InvalidOperationException: Unhandled exception. System.Xml.Schema.XmlSchemaException: The required attribute 'features' ...	topdori	ok::-	LoadFailure	InvalidOperationException: Unhandled exception. System.Xml.Schema.XmlSchemaException: The required attribute 'features' ...
MorphologicalPhonologicalRuleFeatureGroup	features	edge-cases/mpr-group-overwrite-without-realizational	RequiredByDtd	removed features from 1 <MorphologicalPhonologicalRuleFeatureGroup> element(s)	InvalidOperationException: Unhandled exception. System.Xml.Schema.XmlSchemaException: The required attribute 'features' ...	dof	ok::DOF|dof	LoadFailure	InvalidOperationException: Unhandled exception. System.Xml.Schema.XmlSchemaException: The required attribute 'features' ...
MorphologicalPhonologicalRuleFeatureGroup	features	edge-cases/mpr-overwrite-order-dependence	RequiredByDtd	removed features from 2 <MorphologicalPhonologicalRuleFeatureGroup> element(s)	InvalidOperationException: Unhandled exception. System.Xml.Schema.XmlSchemaException: The required attribute 'features' ...	dabo	ok::DABO|dabo	LoadFailure	InvalidOperationException: Unhandled exception. System.Xml.Schema.XmlSchemaException: The required attribute 'features' ...
MorphologicalPhonologicalRuleFeatureGroup	features	languages/fusional-realizational-morphology	RequiredByDtd	removed features from 3 <MorphologicalPhonologicalRuleFeatureGroup> element(s)	InvalidOperationException: Unhandled exception. System.Xml.Schema.XmlSchemaException: The required attribute 'features' ...	mun	ok::STEM|mun	LoadFailure	InvalidOperationException: Unhandled exception. System.Xml.Schema.XmlSchemaException: The required attribute 'features' ...
MorphologicalPhonologicalRuleFeatureGroup	features	languages/suffixing-extension-slot-ordering	RequiredByDtd	removed features from 4 <MorphologicalPhonologicalRuleFeatureGroup> element(s)	InvalidOperationException: Unhandled exception. System.Xml.Schema.XmlSchemaException: The required attribute 'features' ...	mbe	ok::-	LoadFailure	InvalidOperationException: Unhandled exception. System.Xml.Schema.XmlSchemaException: The required attribute 'features' ...
MorphologicalRule	outputObligatoryFeatures	languages/suffixing-extension-slot-ordering	Unobservable	removed outputObligatoryFeatures from 1 <MorphologicalRule> element(s)	all 53 word(s) unchanged	-	-	None	-
MorphologicalRule	outputPartOfSpeech	edge-cases/compounding-breadth	Unobservable	removed outputPartOfSpeech from 1 <MorphologicalRule> element(s)	all 11 word(s) unchanged	-	-	None	-
MorphologicalRule	outputPartOfSpeech	edge-cases/cross-table-root-respelling	Unobservable	removed outputPartOfSpeech from 1 <MorphologicalRule> element(s)	all 7 word(s) unchanged	-	-	None	-
MorphologicalRule	outputPartOfSpeech	edge-cases/deep-optional-affix-nesting	Unobservable	removed outputPartOfSpeech from 12 <MorphologicalRule> element(s)	all 3 word(s) unchanged	-	-	None	-
MorphologicalRule	outputPartOfSpeech	edge-cases/diacritic-segments	Unobservable	removed outputPartOfSpeech from 2 <MorphologicalRule> element(s)	all 13 word(s) unchanged	-	-	None	-
MorphologicalRule	outputPartOfSpeech	edge-cases/disjunctive-recheck	Unobservable	removed outputPartOfSpeech from 2 <MorphologicalRule> element(s)	all 12 word(s) unchanged	-	-	None	-
MorphologicalRule	outputPartOfSpeech	edge-cases/feature-gating-breadth	Unobservable	removed outputPartOfSpeech from 3 <MorphologicalRule> element(s)	all 15 word(s) unchanged	-	-	None	-
MorphologicalRule	outputPartOfSpeech	edge-cases/feature-system-breadth	Unobservable	removed outputPartOfSpeech from 1 <MorphologicalRule> element(s)	all 18 word(s) unchanged	-	-	None	-
MorphologicalRule	outputPartOfSpeech	edge-cases/free-fluctuating-allomorph-pair	Unobservable	removed outputPartOfSpeech from 1 <MorphologicalRule> element(s)	all 6 word(s) unchanged	-	-	None	-
MorphologicalRule	outputPartOfSpeech	edge-cases/loader-isactive-breadth	Unobservable	removed outputPartOfSpeech from 6 <MorphologicalRule> element(s)	all 18 word(s) unchanged	-	-	None	-
MorphologicalRule	outputPartOfSpeech	edge-cases/morphotactic-attribute-breadth	Unobservable	removed outputPartOfSpeech from 16 <MorphologicalRule> element(s)	all 33 word(s) unchanged	-	-	None	-
MorphologicalRule	outputPartOfSpeech	edge-cases/mpr-gated-exception	Unobservable	removed outputPartOfSpeech from 4 <MorphologicalRule> element(s)	all 12 word(s) unchanged	-	-	None	-
MorphologicalRule	outputPartOfSpeech	edge-cases/mpr-group-overwrite-without-realizational	Unobservable	removed outputPartOfSpeech from 3 <MorphologicalRule> element(s)	all 5 word(s) unchanged	-	-	None	-
MorphologicalRule	outputPartOfSpeech	edge-cases/mpr-overwrite-order-dependence	Unobservable	removed outputPartOfSpeech from 6 <MorphologicalRule> element(s)	all 10 word(s) unchanged	-	-	None	-
MorphologicalRule	outputPartOfSpeech	edge-cases/process-morphology-in-place-mutation	Unobservable	removed outputPartOfSpeech from 1 <MorphologicalRule> element(s)	all 3 word(s) unchanged	-	-	None	-
MorphologicalRule	outputPartOfSpeech	edge-cases/stem-name-restricted-root-allomorph	Unobservable	removed outputPartOfSpeech from 2 <MorphologicalRule> element(s)	all 6 word(s) unchanged	-	-	None	-
MorphologicalRule	outputPartOfSpeech	edge-cases/strrep-identity	Unobservable	removed outputPartOfSpeech from 2 <MorphologicalRule> element(s)	all 12 word(s) unchanged	-	-	None	-
MorphologicalRule	outputPartOfSpeech	edge-cases/subrule-morphosyntactic-gating	Evidenced	removed outputPartOfSpeech from 1 <MorphologicalRule> element(s)	'pat': ok::ROOT1|pat -> ok::ROOT1+DERIVE|pat;ROOT1|pat	pat	ok::ROOT1|pat	Word	ok::ROOT1+DERIVE|pat;ROOT1|pat
MorphologicalRule	outputPartOfSpeech	languages/fusional-realizational-morphology	Unobservable	removed outputPartOfSpeech from 17 <MorphologicalRule> element(s)	all 63 word(s) unchanged	-	-	None	-
MorphologicalRule	outputPartOfSpeech	languages/metathesis-phase-isolation	Unobservable	removed outputPartOfSpeech from 9 <MorphologicalRule> element(s)	all 20 word(s) unchanged	-	-	None	-
MorphologicalRule	outputPartOfSpeech	languages/polysynthetic-stratal-derivation-chain	Evidenced	removed outputPartOfSpeech from 4 <MorphologicalRule> element(s)	'nunaliqvuq': ok::NUNA+DERIV+INFL|nunaliqvuq -> ok::-	nunaliqvuq	ok::NUNA+DERIV+INFL|nunaliqvuq	Word	ok::-
MorphologicalRule	outputPartOfSpeech	languages/prefixal-discontinuous-slot-dependency	Unobservable	removed outputPartOfSpeech from 7 <MorphologicalRule> element(s)	all 10 word(s) unchanged	-	-	None	-
MorphologicalRule	outputPartOfSpeech	languages/suffixing-evidential-adjacency-chain	Unobservable	removed outputPartOfSpeech from 11 <MorphologicalRule> element(s)	all 28 word(s) unchanged	-	-	None	-
MorphologicalRule	outputPartOfSpeech	languages/suffixing-extension-slot-ordering	Unobservable	removed outputPartOfSpeech from 16 <MorphologicalRule> element(s)	all 53 word(s) unchanged	-	-	None	-
MorphologicalRule	outputPartOfSpeech	languages/suffixing-vowel-harmony	Unobservable	removed outputPartOfSpeech from 6 <MorphologicalRule> element(s)	all 27 word(s) unchanged	-	-	None	-
MorphologicalRule	outputPartOfSpeech	languages/templatic-root-modification	Unobservable	removed outputPartOfSpeech from 7 <MorphologicalRule> element(s)	all 25 word(s) unchanged	-	-	None	-
MorphologicalRule	requiredPartsOfSpeech	edge-cases/compounding-breadth	Evidenced	removed requiredPartsOfSpeech from 1 <MorphologicalRule> element(s)	'katumi': ok::- -> ok::KA+TU+TPLSUF|katumi	katumi	ok::-	Word	ok::KA+TU+TPLSUF|katumi
MorphologicalRule	requiredPartsOfSpeech	edge-cases/cross-table-root-respelling	Unobservable	removed requiredPartsOfSpeech from 1 <MorphologicalRule> element(s)	all 7 word(s) unchanged	-	-	None	-
MorphologicalRule	requiredPartsOfSpeech	edge-cases/deep-optional-affix-nesting	Unobservable	removed requiredPartsOfSpeech from 12 <MorphologicalRule> element(s)	all 3 word(s) unchanged	-	-	None	-
MorphologicalRule	requiredPartsOfSpeech	edge-cases/diacritic-segments	Unobservable	removed requiredPartsOfSpeech from 2 <MorphologicalRule> element(s)	all 13 word(s) unchanged	-	-	None	-
MorphologicalRule	requiredPartsOfSpeech	edge-cases/disjunctive-recheck	Unobservable	removed requiredPartsOfSpeech from 2 <MorphologicalRule> element(s)	all 12 word(s) unchanged	-	-	None	-
MorphologicalRule	requiredPartsOfSpeech	edge-cases/feature-gating-breadth	Unobservable	removed requiredPartsOfSpeech from 3 <MorphologicalRule> element(s)	all 15 word(s) unchanged	-	-	None	-
MorphologicalRule	requiredPartsOfSpeech	edge-cases/feature-system-breadth	Unobservable	removed requiredPartsOfSpeech from 1 <MorphologicalRule> element(s)	all 18 word(s) unchanged	-	-	None	-
MorphologicalRule	requiredPartsOfSpeech	edge-cases/free-fluctuating-allomorph-pair	Unobservable	removed requiredPartsOfSpeech from 1 <MorphologicalRule> element(s)	all 6 word(s) unchanged	-	-	None	-
MorphologicalRule	requiredPartsOfSpeech	edge-cases/loader-isactive-breadth	Unobservable	removed requiredPartsOfSpeech from 6 <MorphologicalRule> element(s)	all 18 word(s) unchanged	-	-	None	-
MorphologicalRule	requiredPartsOfSpeech	edge-cases/morphotactic-attribute-breadth	Unobservable	removed requiredPartsOfSpeech from 16 <MorphologicalRule> element(s)	all 33 word(s) unchanged	-	-	None	-
MorphologicalRule	requiredPartsOfSpeech	edge-cases/mpr-gated-exception	Unobservable	removed requiredPartsOfSpeech from 4 <MorphologicalRule> element(s)	all 12 word(s) unchanged	-	-	None	-
MorphologicalRule	requiredPartsOfSpeech	edge-cases/mpr-group-overwrite-without-realizational	Unobservable	removed requiredPartsOfSpeech from 3 <MorphologicalRule> element(s)	all 5 word(s) unchanged	-	-	None	-
MorphologicalRule	requiredPartsOfSpeech	edge-cases/mpr-overwrite-order-dependence	Unobservable	removed requiredPartsOfSpeech from 6 <MorphologicalRule> element(s)	all 10 word(s) unchanged	-	-	None	-
MorphologicalRule	requiredPartsOfSpeech	edge-cases/process-morphology-in-place-mutation	Unobservable	removed requiredPartsOfSpeech from 1 <MorphologicalRule> element(s)	all 3 word(s) unchanged	-	-	None	-
MorphologicalRule	requiredPartsOfSpeech	edge-cases/stem-name-restricted-root-allomorph	Unobservable	removed requiredPartsOfSpeech from 2 <MorphologicalRule> element(s)	all 6 word(s) unchanged	-	-	None	-
MorphologicalRule	requiredPartsOfSpeech	edge-cases/strrep-identity	Unobservable	removed requiredPartsOfSpeech from 2 <MorphologicalRule> element(s)	all 12 word(s) unchanged	-	-	None	-
MorphologicalRule	requiredPartsOfSpeech	edge-cases/truncate-morphotactic	Unobservable	removed requiredPartsOfSpeech from 3 <MorphologicalRule> element(s)	all 9 word(s) unchanged	-	-	None	-
MorphologicalRule	requiredPartsOfSpeech	languages/fusional-realizational-morphology	Evidenced	removed requiredPartsOfSpeech from 17 <MorphologicalRule> element(s)	'mano': ok::STEM+P1|mano -> ok::STEM+ABLAUT+P1|mano;STEM+P1|mano	mano	ok::STEM+P1|mano	Word	ok::STEM+ABLAUT+P1|mano;STEM+P1|mano
MorphologicalRule	requiredPartsOfSpeech	languages/metathesis-phase-isolation	Unobservable	removed requiredPartsOfSpeech from 9 <MorphologicalRule> element(s)	all 20 word(s) unchanged	-	-	None	-
MorphologicalRule	requiredPartsOfSpeech	languages/polysynthetic-stratal-derivation-chain	Evidenced	removed requiredPartsOfSpeech from 4 <MorphologicalRule> element(s)	'nunavuq': ok::- -> ok::NUNA+INFL|nunavuq	nunavuq	ok::-	Word	ok::NUNA+INFL|nunavuq
MorphologicalRule	requiredPartsOfSpeech	languages/prefixal-discontinuous-slot-dependency	Unobservable	removed requiredPartsOfSpeech from 7 <MorphologicalRule> element(s)	all 10 word(s) unchanged	-	-	None	-
MorphologicalRule	requiredPartsOfSpeech	languages/suffixing-evidential-adjacency-chain	Unobservable	removed requiredPartsOfSpeech from 11 <MorphologicalRule> element(s)	all 28 word(s) unchanged	-	-	None	-
MorphologicalRule	requiredPartsOfSpeech	languages/suffixing-extension-slot-ordering	Evidenced	removed requiredPartsOfSpeech from 16 <MorphologicalRule> element(s)	'lisez': ok::PHXROOT+PHXSRC|lisez -> ok::PHXROOT+AGR|lisez;PHXROOT+PHXSRC|lisez	lisez	ok::PHXROOT+PHXSRC|lisez	Word	ok::PHXROOT+AGR|lisez;PHXROOT+PHXSRC|lisez
MorphologicalRule	requiredPartsOfSpeech	languages/suffixing-vowel-harmony	Unobservable	removed requiredPartsOfSpeech from 6 <MorphologicalRule> element(s)	all 27 word(s) unchanged	-	-	None	-
MorphologicalRule	requiredPartsOfSpeech	languages/templatic-root-modification	Evidenced	removed requiredPartsOfSpeech from 7 <MorphologicalRule> element(s)	'katabit': ok::KTB+P1SG|katabit -> ok::KTB+JUSS+PASS+P1SG|katabit;KTB+JUSS+PASS+P1SG|katabit;KTB+P1SG|katabit;KTB+P3SG+PASS+P1SG|katabit;KTB+P3SG+PASS+P1SG|katabit;KTB+PERF+P1SG|katabit	katabit	ok::KTB+P1SG|katabit	Word	ok::KTB+JUSS+PASS+P1SG|katabit;KTB+JUSS+PASS+P1SG|katabit;KTB+P1SG|katabit;KTB+P3SG+PASS+P1SG|katabit;KTB+P3SG+PASS+P1SG|katabit;KTB+PERF+P1SG|katabit
MorphologicalRule	requiredStemName	languages/suffixing-extension-slot-ordering	Evidenced	removed requiredStemName from 1 <MorphologicalRule> element(s)	'daheh': ok::- -> ok::DAH+STEMREQ|daheh	daheh	ok::-	Word	ok::DAH+STEMREQ|daheh
PhonologicalSubrule	excludedMPRFeatures	edge-cases/mpr-gated-exception	Evidenced	removed excludedMPRFeatures from 1 <PhonologicalSubrule> element(s)	'menanukam': ok::- -> ok::NPFX+TANUK+DELEXCLSRC|menanukam;NPFX+TANUK+DELEXCLSRC|menanukam	menanukam	ok::-	Word	ok::NPFX+TANUK+DELEXCLSRC|menanukam;NPFX+TANUK+DELEXCLSRC|menanukam
PhonologicalSubrule	excludedMPRFeatures	languages/suffixing-extension-slot-ordering	Evidenced	removed excludedMPRFeatures from 1 <PhonologicalSubrule> element(s)	'mbe': ok::- -> ok::PPE|mbe	mbe	ok::-	Word	ok::PPE|mbe
PhonologicalSubrule	requiredMPRFeatures	languages/suffixing-extension-slot-ordering	Evidenced	removed requiredMPRFeatures from 1 <PhonologicalSubrule> element(s)	'nbael': ok::- -> ok::PPO+PHDESTROY|nbael	nbael	ok::-	Word	ok::PPO+PHDESTROY|nbael
PhonologicalSubrule	requiredPartsOfSpeech	edge-cases/mpr-gated-exception	Unobservable	removed requiredPartsOfSpeech from 3 <PhonologicalSubrule> element(s)	all 12 word(s) unchanged	-	-	None	-
PhonologicalSubrule	requiredPartsOfSpeech	edge-cases/subrule-morphosyntactic-gating	Evidenced	removed requiredPartsOfSpeech from 1 <PhonologicalSubrule> element(s)	'pat': ok::ROOT1|pat -> ok::-	pat	ok::ROOT1|pat	Word	ok::-
PhonologicalSubrule	requiredPartsOfSpeech	languages/metathesis-phase-isolation	Evidenced	removed requiredPartsOfSpeech from 1 <PhonologicalSubrule> element(s)	'idil': ok::- -> ok::ADIL|idil	idil	ok::-	Word	ok::ADIL|idil
PhonologicalSubrule	requiredPartsOfSpeech	languages/polysynthetic-stratal-derivation-chain	Evidenced	removed requiredPartsOfSpeech from 4 <PhonologicalSubrule> element(s)	'kuuukuuu': ok::MS|kuuukuuu -> ok::-	kuuukuuu	ok::MS|kuuukuuu	Word	ok::-
PhonologicalSubrule	requiredPartsOfSpeech	languages/suffixing-extension-slot-ordering	Evidenced	removed requiredPartsOfSpeech from 3 <PhonologicalSubrule> element(s)	'mbe': ok::- -> ok::PPE|mbe	mbe	ok::-	Word	ok::PPE|mbe
PhonologicalSubrule	requiredPartsOfSpeech	languages/suffixing-vowel-harmony	Evidenced	removed requiredPartsOfSpeech from 1 <PhonologicalSubrule> element(s)	'kutagida': ok::KUTAK+PAST|kutagida -> ok::-	kutagida	ok::KUTAK+PAST|kutagida	Word	ok::-
PhonologicalSubrule	requiredPartsOfSpeech	languages/templatic-root-modification	Evidenced	removed requiredPartsOfSpeech from 5 <PhonologicalSubrule> element(s)	'spr': ok::SPR|spr -> ok::-	spr	ok::SPR|spr	Word	ok::-
Segment	segment	edge-cases/alpha-variable-name-collision	RequiredByDtd	removed segment from 4 <Segment> element(s)	InvalidOperationException: Unhandled exception. System.Xml.Schema.XmlSchemaException: The required attribute 'segment' i...	au	ok::-	LoadFailure	InvalidOperationException: Unhandled exception. System.Xml.Schema.XmlSchemaException: The required attribute 'segment' i...
Segment	segment	edge-cases/diacritic-segments	RequiredByDtd	removed segment from 4 <Segment> element(s)	InvalidOperationException: Unhandled exception. System.Xml.Schema.XmlSchemaException: The required attribute 'segment' i...	año	ok::YEAR|año	LoadFailure	InvalidOperationException: Unhandled exception. System.Xml.Schema.XmlSchemaException: The required attribute 'segment' i...
Segment	segment	edge-cases/disjunctive-recheck	RequiredByDtd	removed segment from 2 <Segment> element(s)	InvalidOperationException: Unhandled exception. System.Xml.Schema.XmlSchemaException: The required attribute 'segment' i...	wak	ok::|wak	LoadFailure	InvalidOperationException: Unhandled exception. System.Xml.Schema.XmlSchemaException: The required attribute 'segment' i...
Segment	segment	edge-cases/feature-system-breadth	RequiredByDtd	removed segment from 20 <Segment> element(s)	InvalidOperationException: Unhandled exception. System.Xml.Schema.XmlSchemaException: The required attribute 'segment' i...	ik	ok::AK|ik	LoadFailure	InvalidOperationException: Unhandled exception. System.Xml.Schema.XmlSchemaException: The required attribute 'segment' i...
Segment	segment	edge-cases/free-fluctuating-allomorph-pair	RequiredByDtd	removed segment from 1 <Segment> element(s)	InvalidOperationException: Unhandled exception. System.Xml.Schema.XmlSchemaException: The required attribute 'segment' i...	pol	ok::ALT|pol	LoadFailure	InvalidOperationException: Unhandled exception. System.Xml.Schema.XmlSchemaException: The required attribute 'segment' i...
Segment	segment	edge-cases/loader-pattern-shapes	RequiredByDtd	removed segment from 2 <Segment> element(s)	InvalidOperationException: Unhandled exception. System.Xml.Schema.XmlSchemaException: The required attribute 'segment' i...	bat	ok::|b[ae]t	LoadFailure	InvalidOperationException: Unhandled exception. System.Xml.Schema.XmlSchemaException: The required attribute 'segment' i...
Segment	segment	edge-cases/metathesis-comparison-crash	RequiredByDtd	removed segment from 2 <Segment> element(s)	InvalidOperationException: Unhandled exception. System.Xml.Schema.XmlSchemaException: The required attribute 'segment' i...	ti	ok::-	LoadFailure	InvalidOperationException: Unhandled exception. System.Xml.Schema.XmlSchemaException: The required attribute 'segment' i...
Segment	segment	edge-cases/mpr-gated-exception	RequiredByDtd	removed segment from 3 <Segment> element(s)	InvalidOperationException: Unhandled exception. System.Xml.Schema.XmlSchemaException: The required attribute 'segment' i...	tulik	ok::TULIK|tulik	LoadFailure	InvalidOperationException: Unhandled exception. System.Xml.Schema.XmlSchemaException: The required attribute 'segment' i...
Segment	segment	edge-cases/rewrite-analysis-feature-neutralization	RequiredByDtd	removed segment from 2 <Segment> element(s)	InvalidOperationException: Unhandled exception. System.Xml.Schema.XmlSchemaException: The required attribute 'segment' i...	d	ok::ROOT1|b;ROOT2|d	LoadFailure	InvalidOperationException: Unhandled exception. System.Xml.Schema.XmlSchemaException: The required attribute 'segment' i...
Segment	segment	edge-cases/right-to-left-anchor-environment	RequiredByDtd	removed segment from 4 <Segment> element(s)	InvalidOperationException: Unhandled exception. System.Xml.Schema.XmlSchemaException: The required attribute 'segment' i...	aae	ok::ROOT1|aae	LoadFailure	InvalidOperationException: Unhandled exception. System.Xml.Schema.XmlSchemaException: The required attribute 'segment' i...
Segment	segment	edge-cases/strrep-identity	RequiredByDtd	removed segment from 1 <Segment> element(s)	InvalidOperationException: Unhandled exception. System.Xml.Schema.XmlSchemaException: The required attribute 'segment' i...	pat	ok::+|[(^0)∅]?+?pat;|pat	LoadFailure	InvalidOperationException: Unhandled exception. System.Xml.Schema.XmlSchemaException: The required attribute 'segment' i...
Segment	segment	edge-cases/subrule-morphosyntactic-gating	RequiredByDtd	removed segment from 1 <Segment> element(s)	InvalidOperationException: Unhandled exception. System.Xml.Schema.XmlSchemaException: The required attribute 'segment' i...	pat	ok::ROOT1|pat	LoadFailure	InvalidOperationException: Unhandled exception. System.Xml.Schema.XmlSchemaException: The required attribute 'segment' i...
Segment	segment	edge-cases/synthesis-stratum-render-stale-table	RequiredByDtd	removed segment from 2 <Segment> element(s)	InvalidOperationException: Unhandled exception. System.Xml.Schema.XmlSchemaException: The required attribute 'segment' i...	j	ok::ROOTCROSS|	LoadFailure	InvalidOperationException: Unhandled exception. System.Xml.Schema.XmlSchemaException: The required attribute 'segment' i...
Segment	segment	edge-cases/truncate-morphotactic	RequiredByDtd	removed segment from 2 <Segment> element(s)	InvalidOperationException: Unhandled exception. System.Xml.Schema.XmlSchemaException: The required attribute 'segment' i...	sag	ok::|sag	LoadFailure	InvalidOperationException: Unhandled exception. System.Xml.Schema.XmlSchemaException: The required attribute 'segment' i...
Segment	segment	languages/metathesis-phase-isolation	RequiredByDtd	removed segment from 3 <Segment> element(s)	InvalidOperationException: Unhandled exception. System.Xml.Schema.XmlSchemaException: The required attribute 'segment' i...	idil	ok::-	LoadFailure	InvalidOperationException: Unhandled exception. System.Xml.Schema.XmlSchemaException: The required attribute 'segment' i...
Segment	segment	languages/polysynthetic-stratal-derivation-chain	RequiredByDtd	removed segment from 1 <Segment> element(s)	InvalidOperationException: Unhandled exception. System.Xml.Schema.XmlSchemaException: The required attribute 'segment' i...	nuna	ok::NUNA|nuna	LoadFailure	InvalidOperationException: Unhandled exception. System.Xml.Schema.XmlSchemaException: The required attribute 'segment' i...
Segment	segment	languages/suffixing-evidential-adjacency-chain	RequiredByDtd	removed segment from 14 <Segment> element(s)	InvalidOperationException: Unhandled exception. System.Xml.Schema.XmlSchemaException: The required attribute 'segment' i...	tupay	ok::TUPA+1SG|tupay;TUPA2+1SG|tupay	LoadFailure	InvalidOperationException: Unhandled exception. System.Xml.Schema.XmlSchemaException: The required attribute 'segment' i...
Segment	segment	languages/suffixing-vowel-harmony	RequiredByDtd	removed segment from 3 <Segment> element(s)	InvalidOperationException: Unhandled exception. System.Xml.Schema.XmlSchemaException: The required attribute 'segment' i...	semitide	ok::SEMIT+PAST|semitide	LoadFailure	InvalidOperationException: Unhandled exception. System.Xml.Schema.XmlSchemaException: The required attribute 'segment' i...
Segment	segment	languages/templatic-root-modification	RequiredByDtd	removed segment from 5 <Segment> element(s)	InvalidOperationException: Unhandled exception. System.Xml.Schema.XmlSchemaException: The required attribute 'segment' i...	katab	ok::KTB|katab	LoadFailure	InvalidOperationException: Unhandled exception. System.Xml.Schema.XmlSchemaException: The required attribute 'segment' i...
SimpleContext	naturalClass	edge-cases/alpha-variable-name-collision	RequiredByDtd	removed naturalClass from 4 <SimpleContext> element(s)	InvalidOperationException: Unhandled exception. System.Xml.Schema.XmlSchemaException: The required attribute 'naturalCla...	au	ok::-	LoadFailure	InvalidOperationException: Unhandled exception. System.Xml.Schema.XmlSchemaException: The required attribute 'naturalCla...
SimpleContext	naturalClass	edge-cases/compounding-breadth	RequiredByDtd	removed naturalClass from 13 <SimpleContext> element(s)	InvalidOperationException: Unhandled exception. System.Xml.Schema.XmlSchemaException: The required attribute 'naturalCla...	ka	ok::KA|ka	LoadFailure	InvalidOperationException: Unhandled exception. System.Xml.Schema.XmlSchemaException: The required attribute 'naturalCla...
SimpleContext	naturalClass	edge-cases/cross-table-root-respelling	RequiredByDtd	removed naturalClass from 1 <SimpleContext> element(s)	InvalidOperationException: Unhandled exception. System.Xml.Schema.XmlSchemaException: The required attribute 'naturalCla...	t	ok::ROOT1|m;ROOT3|t	LoadFailure	InvalidOperationException: Unhandled exception. System.Xml.Schema.XmlSchemaException: The required attribute 'naturalCla...
SimpleContext	naturalClass	edge-cases/deep-optional-affix-nesting	RequiredByDtd	removed naturalClass from 12 <SimpleContext> element(s)	InvalidOperationException: Unhandled exception. System.Xml.Schema.XmlSchemaException: The required attribute 'naturalCla...	k	ok::K|k	LoadFailure	InvalidOperationException: Unhandled exception. System.Xml.Schema.XmlSchemaException: The required attribute 'naturalCla...
SimpleContext	naturalClass	edge-cases/diacritic-segments	RequiredByDtd	removed naturalClass from 3 <SimpleContext> element(s)	InvalidOperationException: Unhandled exception. System.Xml.Schema.XmlSchemaException: The required attribute 'naturalCla...	año	ok::YEAR|año	LoadFailure	InvalidOperationException: Unhandled exception. System.Xml.Schema.XmlSchemaException: The required attribute 'naturalCla...
SimpleContext	naturalClass	edge-cases/disjunctive-recheck	RequiredByDtd	removed naturalClass from 5 <SimpleContext> element(s)	InvalidOperationException: Unhandled exception. System.Xml.Schema.XmlSchemaException: The required attribute 'naturalCla...	wak	ok::|wak	LoadFailure	InvalidOperationException: Unhandled exception. System.Xml.Schema.XmlSchemaException: The required attribute 'naturalCla...
SimpleContext	naturalClass	edge-cases/feature-gating-breadth	RequiredByDtd	removed naturalClass from 4 <SimpleContext> element(s)	InvalidOperationException: Unhandled exception. System.Xml.Schema.XmlSchemaException: The required attribute 'naturalCla...	kal	ok::KAL|kal	LoadFailure	InvalidOperationException: Unhandled exception. System.Xml.Schema.XmlSchemaException: The required attribute 'naturalCla...
SimpleContext	naturalClass	edge-cases/feature-system-breadth	RequiredByDtd	removed naturalClass from 20 <SimpleContext> element(s)	InvalidOperationException: Unhandled exception. System.Xml.Schema.XmlSchemaException: The required attribute 'naturalCla...	ik	ok::AK|ik	LoadFailure	InvalidOperationException: Unhandled exception. System.Xml.Schema.XmlSchemaException: The required attribute 'naturalCla...
SimpleContext	naturalClass	edge-cases/free-fluctuating-allomorph-pair	RequiredByDtd	removed naturalClass from 2 <SimpleContext> element(s)	InvalidOperationException: Unhandled exception. System.Xml.Schema.XmlSchemaException: The required attribute 'naturalCla...	pol	ok::ALT|pol	LoadFailure	InvalidOperationException: Unhandled exception. System.Xml.Schema.XmlSchemaException: The required attribute 'naturalCla...
SimpleContext	naturalClass	edge-cases/loader-default-symbol	RequiredByDtd	removed naturalClass from 2 <SimpleContext> element(s)	InvalidOperationException: Unhandled exception. System.Xml.Schema.XmlSchemaException: The required attribute 'naturalCla...	bat	ok::|bat	LoadFailure	InvalidOperationException: Unhandled exception. System.Xml.Schema.XmlSchemaException: The required attribute 'naturalCla...
SimpleContext	naturalClass	edge-cases/loader-isactive-breadth	RequiredByDtd	removed naturalClass from 8 <SimpleContext> element(s)	InvalidOperationException: Unhandled exception. System.Xml.Schema.XmlSchemaException: The required attribute 'naturalCla...	kul	ok::KUL|kul	LoadFailure	InvalidOperationException: Unhandled exception. System.Xml.Schema.XmlSchemaException: The required attribute 'naturalCla...
SimpleContext	naturalClass	edge-cases/metathesis-comparison-crash	RequiredByDtd	removed naturalClass from 2 <SimpleContext> element(s)	InvalidOperationException: Unhandled exception. System.Xml.Schema.XmlSchemaException: The required attribute 'naturalCla...	ti	ok::-	LoadFailure	InvalidOperationException: Unhandled exception. System.Xml.Schema.XmlSchemaException: The required attribute 'naturalCla...
SimpleContext	naturalClass	edge-cases/morphotactic-attribute-breadth	RequiredByDtd	removed naturalClass from 18 <SimpleContext> element(s)	InvalidOperationException: Unhandled exception. System.Xml.Schema.XmlSchemaException: The required attribute 'naturalCla...	topdori	ok::-	LoadFailure	InvalidOperationException: Unhandled exception. System.Xml.Schema.XmlSchemaException: The required attribute 'naturalCla...
SimpleContext	naturalClass	edge-cases/mpr-gated-exception	RequiredByDtd	removed naturalClass from 10 <SimpleContext> element(s)	InvalidOperationException: Unhandled exception. System.Xml.Schema.XmlSchemaException: The required attribute 'naturalCla...	tulik	ok::TULIK|tulik	LoadFailure	InvalidOperationException: Unhandled exception. System.Xml.Schema.XmlSchemaException: The required attribute 'naturalCla...
SimpleContext	naturalClass	edge-cases/mpr-group-overwrite-without-realizational	RequiredByDtd	removed naturalClass from 3 <SimpleContext> element(s)	InvalidOperationException: Unhandled exception. System.Xml.Schema.XmlSchemaException: The required attribute 'naturalCla...	dof	ok::DOF|dof	LoadFailure	InvalidOperationException: Unhandled exception. System.Xml.Schema.XmlSchemaException: The required attribute 'naturalCla...
SimpleContext	naturalClass	edge-cases/mpr-overwrite-order-dependence	RequiredByDtd	removed naturalClass from 6 <SimpleContext> element(s)	InvalidOperationException: Unhandled exception. System.Xml.Schema.XmlSchemaException: The required attribute 'naturalCla...	dabo	ok::DABO|dabo	LoadFailure	InvalidOperationException: Unhandled exception. System.Xml.Schema.XmlSchemaException: The required attribute 'naturalCla...
SimpleContext	naturalClass	edge-cases/process-morphology-in-place-mutation	RequiredByDtd	removed naturalClass from 2 <SimpleContext> element(s)	InvalidOperationException: Unhandled exception. System.Xml.Schema.XmlSchemaException: The required attribute 'naturalCla...	i	ok::ROOT|i	LoadFailure	InvalidOperationException: Unhandled exception. System.Xml.Schema.XmlSchemaException: The required attribute 'naturalCla...
SimpleContext	naturalClass	edge-cases/rewrite-analysis-feature-neutralization	RequiredByDtd	removed naturalClass from 2 <SimpleContext> element(s)	InvalidOperationException: Unhandled exception. System.Xml.Schema.XmlSchemaException: The required attribute 'naturalCla...	d	ok::ROOT1|b;ROOT2|d	LoadFailure	InvalidOperationException: Unhandled exception. System.Xml.Schema.XmlSchemaException: The required attribute 'naturalCla...
SimpleContext	naturalClass	edge-cases/right-to-left-anchor-environment	RequiredByDtd	removed naturalClass from 3 <SimpleContext> element(s)	InvalidOperationException: Unhandled exception. System.Xml.Schema.XmlSchemaException: The required attribute 'naturalCla...	aae	ok::ROOT1|aae	LoadFailure	InvalidOperationException: Unhandled exception. System.Xml.Schema.XmlSchemaException: The required attribute 'naturalCla...
SimpleContext	naturalClass	edge-cases/simultaneous-epenthesis-cascade	RequiredByDtd	removed naturalClass from 2 <SimpleContext> element(s)	InvalidOperationException: Unhandled exception. System.Xml.Schema.XmlSchemaException: The required attribute 'naturalCla...	bubu	threw::InfiniteLoopException	LoadFailure	InvalidOperationException: Unhandled exception. System.Xml.Schema.XmlSchemaException: The required attribute 'naturalCla...
SimpleContext	naturalClass	edge-cases/stem-name-restricted-root-allomorph	RequiredByDtd	removed naturalClass from 2 <SimpleContext> element(s)	InvalidOperationException: Unhandled exception. System.Xml.Schema.XmlSchemaException: The required attribute 'naturalCla...	tam	ok::ROOT|tam	LoadFailure	InvalidOperationException: Unhandled exception. System.Xml.Schema.XmlSchemaException: The required attribute 'naturalCla...
SimpleContext	naturalClass	edge-cases/strrep-identity	RequiredByDtd	removed naturalClass from 6 <SimpleContext> element(s)	InvalidOperationException: Unhandled exception. System.Xml.Schema.XmlSchemaException: The required attribute 'naturalCla...	pat	ok::+|[(^0)∅]?+?pat;|pat	LoadFailure	InvalidOperationException: Unhandled exception. System.Xml.Schema.XmlSchemaException: The required attribute 'naturalCla...
SimpleContext	naturalClass	edge-cases/subrule-morphosyntactic-gating	RequiredByDtd	removed naturalClass from 3 <SimpleContext> element(s)	InvalidOperationException: Unhandled exception. System.Xml.Schema.XmlSchemaException: The required attribute 'naturalCla...	pat	ok::ROOT1|pat	LoadFailure	InvalidOperationException: Unhandled exception. System.Xml.Schema.XmlSchemaException: The required attribute 'naturalCla...
SimpleContext	naturalClass	edge-cases/synthesis-stratum-render-stale-table	RequiredByDtd	removed naturalClass from 2 <SimpleContext> element(s)	InvalidOperationException: Unhandled exception. System.Xml.Schema.XmlSchemaException: The required attribute 'naturalCla...	j	ok::ROOTCROSS|	LoadFailure	InvalidOperationException: Unhandled exception. System.Xml.Schema.XmlSchemaException: The required attribute 'naturalCla...
SimpleContext	naturalClass	edge-cases/truncate-morphotactic	RequiredByDtd	removed naturalClass from 4 <SimpleContext> element(s)	InvalidOperationException: Unhandled exception. System.Xml.Schema.XmlSchemaException: The required attribute 'naturalCla...	sag	ok::|sag	LoadFailure	InvalidOperationException: Unhandled exception. System.Xml.Schema.XmlSchemaException: The required attribute 'naturalCla...
SimpleContext	naturalClass	languages/fusional-realizational-morphology	RequiredByDtd	removed naturalClass from 31 <SimpleContext> element(s)	InvalidOperationException: Unhandled exception. System.Xml.Schema.XmlSchemaException: The required attribute 'naturalCla...	mun	ok::STEM|mun	LoadFailure	InvalidOperationException: Unhandled exception. System.Xml.Schema.XmlSchemaException: The required attribute 'naturalCla...
SimpleContext	naturalClass	languages/metathesis-phase-isolation	RequiredByDtd	removed naturalClass from 21 <SimpleContext> element(s)	InvalidOperationException: Unhandled exception. System.Xml.Schema.XmlSchemaException: The required attribute 'naturalCla...	idil	ok::-	LoadFailure	InvalidOperationException: Unhandled exception. System.Xml.Schema.XmlSchemaException: The required attribute 'naturalCla...
SimpleContext	naturalClass	languages/polysynthetic-stratal-derivation-chain	RequiredByDtd	removed naturalClass from 22 <SimpleContext> element(s)	InvalidOperationException: Unhandled exception. System.Xml.Schema.XmlSchemaException: The required attribute 'naturalCla...	nuna	ok::NUNA|nuna	LoadFailure	InvalidOperationException: Unhandled exception. System.Xml.Schema.XmlSchemaException: The required attribute 'naturalCla...
SimpleContext	naturalClass	languages/prefixal-discontinuous-slot-dependency	RequiredByDtd	removed naturalClass from 8 <SimpleContext> element(s)	InvalidOperationException: Unhandled exception. System.Xml.Schema.XmlSchemaException: The required attribute 'naturalCla...	shiyidkal	ok::SBJ+PRF+CLF+KAL|shiyidkal	LoadFailure	InvalidOperationException: Unhandled exception. System.Xml.Schema.XmlSchemaException: The required attribute 'naturalCla...
SimpleContext	naturalClass	languages/suffixing-evidential-adjacency-chain	RequiredByDtd	removed naturalClass from 15 <SimpleContext> element(s)	InvalidOperationException: Unhandled exception. System.Xml.Schema.XmlSchemaException: The required attribute 'naturalCla...	tupay	ok::TUPA+1SG|tupay;TUPA2+1SG|tupay	LoadFailure	InvalidOperationException: Unhandled exception. System.Xml.Schema.XmlSchemaException: The required attribute 'naturalCla...
SimpleContext	naturalClass	languages/suffixing-extension-slot-ordering	RequiredByDtd	removed naturalClass from 27 <SimpleContext> element(s)	InvalidOperationException: Unhandled exception. System.Xml.Schema.XmlSchemaException: The required attribute 'naturalCla...	mbe	ok::-	LoadFailure	InvalidOperationException: Unhandled exception. System.Xml.Schema.XmlSchemaException: The required attribute 'naturalCla...
SimpleContext	naturalClass	languages/suffixing-vowel-harmony	RequiredByDtd	removed naturalClass from 29 <SimpleContext> element(s)	InvalidOperationException: Unhandled exception. System.Xml.Schema.XmlSchemaException: The required attribute 'naturalCla...	semitide	ok::SEMIT+PAST|semitide	LoadFailure	InvalidOperationException: Unhandled exception. System.Xml.Schema.XmlSchemaException: The required attribute 'naturalCla...
SimpleContext	naturalClass	languages/templatic-root-modification	RequiredByDtd	removed naturalClass from 25 <SimpleContext> element(s)	InvalidOperationException: Unhandled exception. System.Xml.Schema.XmlSchemaException: The required attribute 'naturalCla...	katab	ok::KTB|katab	LoadFailure	InvalidOperationException: Unhandled exception. System.Xml.Schema.XmlSchemaException: The required attribute 'naturalCla...
Slot	morphologicalRules	edge-cases/deep-optional-affix-nesting	RequiredByDtd	removed morphologicalRules from 12 <Slot> element(s)	InvalidOperationException: Unhandled exception. System.Xml.Schema.XmlSchemaException: The required attribute 'morphologi...	k	ok::K|k	LoadFailure	InvalidOperationException: Unhandled exception. System.Xml.Schema.XmlSchemaException: The required attribute 'morphologi...
Slot	morphologicalRules	edge-cases/diacritic-segments	RequiredByDtd	removed morphologicalRules from 1 <Slot> element(s)	InvalidOperationException: Unhandled exception. System.Xml.Schema.XmlSchemaException: The required attribute 'morphologi...	año	ok::YEAR|año	LoadFailure	InvalidOperationException: Unhandled exception. System.Xml.Schema.XmlSchemaException: The required attribute 'morphologi...
Slot	morphologicalRules	edge-cases/loader-isactive-breadth	RequiredByDtd	removed morphologicalRules from 6 <Slot> element(s)	InvalidOperationException: Unhandled exception. System.Xml.Schema.XmlSchemaException: The required attribute 'morphologi...	kul	ok::KUL|kul	LoadFailure	InvalidOperationException: Unhandled exception. System.Xml.Schema.XmlSchemaException: The required attribute 'morphologi...
Slot	morphologicalRules	edge-cases/morphotactic-attribute-breadth	RequiredByDtd	removed morphologicalRules from 13 <Slot> element(s)	InvalidOperationException: Unhandled exception. System.Xml.Schema.XmlSchemaException: The required attribute 'morphologi...	topdori	ok::-	LoadFailure	InvalidOperationException: Unhandled exception. System.Xml.Schema.XmlSchemaException: The required attribute 'morphologi...
Slot	morphologicalRules	languages/prefixal-discontinuous-slot-dependency	RequiredByDtd	removed morphologicalRules from 6 <Slot> element(s)	InvalidOperationException: Unhandled exception. System.Xml.Schema.XmlSchemaException: The required attribute 'morphologi...	shiyidkal	ok::SBJ+PRF+CLF+KAL|shiyidkal	LoadFailure	InvalidOperationException: Unhandled exception. System.Xml.Schema.XmlSchemaException: The required attribute 'morphologi...
Slot	morphologicalRules	languages/suffixing-evidential-adjacency-chain	RequiredByDtd	removed morphologicalRules from 3 <Slot> element(s)	InvalidOperationException: Unhandled exception. System.Xml.Schema.XmlSchemaException: The required attribute 'morphologi...	tupay	ok::TUPA+1SG|tupay;TUPA2+1SG|tupay	LoadFailure	InvalidOperationException: Unhandled exception. System.Xml.Schema.XmlSchemaException: The required attribute 'morphologi...
Slot	morphologicalRules	languages/suffixing-extension-slot-ordering	RequiredByDtd	removed morphologicalRules from 3 <Slot> element(s)	InvalidOperationException: Unhandled exception. System.Xml.Schema.XmlSchemaException: The required attribute 'morphologi...	mbe	ok::-	LoadFailure	InvalidOperationException: Unhandled exception. System.Xml.Schema.XmlSchemaException: The required attribute 'morphologi...
Slot	morphologicalRules	languages/suffixing-vowel-harmony	RequiredByDtd	removed morphologicalRules from 2 <Slot> element(s)	InvalidOperationException: Unhandled exception. System.Xml.Schema.XmlSchemaException: The required attribute 'morphologi...	semitide	ok::SEMIT+PAST|semitide	LoadFailure	InvalidOperationException: Unhandled exception. System.Xml.Schema.XmlSchemaException: The required attribute 'morphologi...
StemName	partsOfSpeech	edge-cases/stem-name-restricted-root-allomorph	RequiredByDtd	removed partsOfSpeech from 1 <StemName> element(s)	InvalidOperationException: Unhandled exception. System.Xml.Schema.XmlSchemaException: The required attribute 'partsOfSpe...	tam	ok::ROOT|tam	LoadFailure	InvalidOperationException: Unhandled exception. System.Xml.Schema.XmlSchemaException: The required attribute 'partsOfSpe...
StemName	partsOfSpeech	languages/fusional-realizational-morphology	RequiredByDtd	removed partsOfSpeech from 2 <StemName> element(s)	InvalidOperationException: Unhandled exception. System.Xml.Schema.XmlSchemaException: The required attribute 'partsOfSpe...	mun	ok::STEM|mun	LoadFailure	InvalidOperationException: Unhandled exception. System.Xml.Schema.XmlSchemaException: The required attribute 'partsOfSpe...
StemName	partsOfSpeech	languages/suffixing-extension-slot-ordering	RequiredByDtd	removed partsOfSpeech from 1 <StemName> element(s)	InvalidOperationException: Unhandled exception. System.Xml.Schema.XmlSchemaException: The required attribute 'partsOfSpe...	mbe	ok::-	LoadFailure	InvalidOperationException: Unhandled exception. System.Xml.Schema.XmlSchemaException: The required attribute 'partsOfSpe...
StemName	partsOfSpeech	languages/templatic-root-modification	RequiredByDtd	removed partsOfSpeech from 2 <StemName> element(s)	InvalidOperationException: Unhandled exception. System.Xml.Schema.XmlSchemaException: The required attribute 'partsOfSpe...	katab	ok::KTB|katab	LoadFailure	InvalidOperationException: Unhandled exception. System.Xml.Schema.XmlSchemaException: The required attribute 'partsOfSpe...
Stratum	characterDefinitionTable	edge-cases/alpha-variable-name-collision	RequiredByDtd	removed characterDefinitionTable from 1 <Stratum> element(s)	InvalidOperationException: Unhandled exception. System.Xml.Schema.XmlSchemaException: The required attribute 'characterD...	au	ok::-	LoadFailure	InvalidOperationException: Unhandled exception. System.Xml.Schema.XmlSchemaException: The required attribute 'characterD...
Stratum	characterDefinitionTable	edge-cases/bistratal-overlapping-segment-representation	RequiredByDtd	removed characterDefinitionTable from 2 <Stratum> element(s)	InvalidOperationException: Unhandled exception. System.Xml.Schema.XmlSchemaException: The required attribute 'characterD...	des	ok::ROOT3|des	LoadFailure	InvalidOperationException: Unhandled exception. System.Xml.Schema.XmlSchemaException: The required attribute 'characterD...
Stratum	characterDefinitionTable	edge-cases/compounding-breadth	RequiredByDtd	removed characterDefinitionTable from 1 <Stratum> element(s)	InvalidOperationException: Unhandled exception. System.Xml.Schema.XmlSchemaException: The required attribute 'characterD...	ka	ok::KA|ka	LoadFailure	InvalidOperationException: Unhandled exception. System.Xml.Schema.XmlSchemaException: The required attribute 'characterD...
Stratum	characterDefinitionTable	edge-cases/cross-table-root-respelling	RequiredByDtd	removed characterDefinitionTable from 2 <Stratum> element(s)	InvalidOperationException: Unhandled exception. System.Xml.Schema.XmlSchemaException: The required attribute 'characterD...	t	ok::ROOT1|m;ROOT3|t	LoadFailure	InvalidOperationException: Unhandled exception. System.Xml.Schema.XmlSchemaException: The required attribute 'characterD...
Stratum	characterDefinitionTable	edge-cases/deep-optional-affix-nesting	RequiredByDtd	removed characterDefinitionTable from 1 <Stratum> element(s)	InvalidOperationException: Unhandled exception. System.Xml.Schema.XmlSchemaException: The required attribute 'characterD...	k	ok::K|k	LoadFailure	InvalidOperationException: Unhandled exception. System.Xml.Schema.XmlSchemaException: The required attribute 'characterD...
Stratum	characterDefinitionTable	edge-cases/diacritic-segments	RequiredByDtd	removed characterDefinitionTable from 1 <Stratum> element(s)	InvalidOperationException: Unhandled exception. System.Xml.Schema.XmlSchemaException: The required attribute 'characterD...	año	ok::YEAR|año	LoadFailure	InvalidOperationException: Unhandled exception. System.Xml.Schema.XmlSchemaException: The required attribute 'characterD...
Stratum	characterDefinitionTable	edge-cases/disjunctive-recheck	RequiredByDtd	removed characterDefinitionTable from 1 <Stratum> element(s)	InvalidOperationException: Unhandled exception. System.Xml.Schema.XmlSchemaException: The required attribute 'characterD...	wak	ok::|wak	LoadFailure	InvalidOperationException: Unhandled exception. System.Xml.Schema.XmlSchemaException: The required attribute 'characterD...
Stratum	characterDefinitionTable	edge-cases/feature-gating-breadth	RequiredByDtd	removed characterDefinitionTable from 1 <Stratum> element(s)	InvalidOperationException: Unhandled exception. System.Xml.Schema.XmlSchemaException: The required attribute 'characterD...	kal	ok::KAL|kal	LoadFailure	InvalidOperationException: Unhandled exception. System.Xml.Schema.XmlSchemaException: The required attribute 'characterD...
Stratum	characterDefinitionTable	edge-cases/feature-system-breadth	RequiredByDtd	removed characterDefinitionTable from 1 <Stratum> element(s)	InvalidOperationException: Unhandled exception. System.Xml.Schema.XmlSchemaException: The required attribute 'characterD...	ik	ok::AK|ik	LoadFailure	InvalidOperationException: Unhandled exception. System.Xml.Schema.XmlSchemaException: The required attribute 'characterD...
Stratum	characterDefinitionTable	edge-cases/free-fluctuating-allomorph-pair	RequiredByDtd	removed characterDefinitionTable from 1 <Stratum> element(s)	InvalidOperationException: Unhandled exception. System.Xml.Schema.XmlSchemaException: The required attribute 'characterD...	pol	ok::ALT|pol	LoadFailure	InvalidOperationException: Unhandled exception. System.Xml.Schema.XmlSchemaException: The required attribute 'characterD...
Stratum	characterDefinitionTable	edge-cases/loader-default-symbol	RequiredByDtd	removed characterDefinitionTable from 1 <Stratum> element(s)	InvalidOperationException: Unhandled exception. System.Xml.Schema.XmlSchemaException: The required attribute 'characterD...	bat	ok::|bat	LoadFailure	InvalidOperationException: Unhandled exception. System.Xml.Schema.XmlSchemaException: The required attribute 'characterD...
Stratum	characterDefinitionTable	edge-cases/loader-isactive	RequiredByDtd	removed characterDefinitionTable from 1 <Stratum> element(s)	InvalidOperationException: Unhandled exception. System.Xml.Schema.XmlSchemaException: The required attribute 'characterD...	kat	ok::|kat	LoadFailure	InvalidOperationException: Unhandled exception. System.Xml.Schema.XmlSchemaException: The required attribute 'characterD...
Stratum	characterDefinitionTable	edge-cases/loader-isactive-breadth	RequiredByDtd	removed characterDefinitionTable from 4 <Stratum> element(s)	InvalidOperationException: Unhandled exception. System.Xml.Schema.XmlSchemaException: The required attribute 'characterD...	kul	ok::KUL|kul	LoadFailure	InvalidOperationException: Unhandled exception. System.Xml.Schema.XmlSchemaException: The required attribute 'characterD...
Stratum	characterDefinitionTable	edge-cases/loader-pattern-shapes	RequiredByDtd	removed characterDefinitionTable from 1 <Stratum> element(s)	InvalidOperationException: Unhandled exception. System.Xml.Schema.XmlSchemaException: The required attribute 'characterD...	bat	ok::|b[ae]t	LoadFailure	InvalidOperationException: Unhandled exception. System.Xml.Schema.XmlSchemaException: The required attribute 'characterD...
Stratum	characterDefinitionTable	edge-cases/metathesis-comparison-crash	RequiredByDtd	removed characterDefinitionTable from 1 <Stratum> element(s)	InvalidOperationException: Unhandled exception. System.Xml.Schema.XmlSchemaException: The required attribute 'characterD...	ti	ok::-	LoadFailure	InvalidOperationException: Unhandled exception. System.Xml.Schema.XmlSchemaException: The required attribute 'characterD...
Stratum	characterDefinitionTable	edge-cases/morphotactic-attribute-breadth	RequiredByDtd	removed characterDefinitionTable from 2 <Stratum> element(s)	InvalidOperationException: Unhandled exception. System.Xml.Schema.XmlSchemaException: The required attribute 'characterD...	topdori	ok::-	LoadFailure	InvalidOperationException: Unhandled exception. System.Xml.Schema.XmlSchemaException: The required attribute 'characterD...
Stratum	characterDefinitionTable	edge-cases/mpr-gated-exception	RequiredByDtd	removed characterDefinitionTable from 1 <Stratum> element(s)	InvalidOperationException: Unhandled exception. System.Xml.Schema.XmlSchemaException: The required attribute 'characterD...	tulik	ok::TULIK|tulik	LoadFailure	InvalidOperationException: Unhandled exception. System.Xml.Schema.XmlSchemaException: The required attribute 'characterD...
Stratum	characterDefinitionTable	edge-cases/mpr-group-overwrite-without-realizational	RequiredByDtd	removed characterDefinitionTable from 1 <Stratum> element(s)	InvalidOperationException: Unhandled exception. System.Xml.Schema.XmlSchemaException: The required attribute 'characterD...	dof	ok::DOF|dof	LoadFailure	InvalidOperationException: Unhandled exception. System.Xml.Schema.XmlSchemaException: The required attribute 'characterD...
Stratum	characterDefinitionTable	edge-cases/mpr-overwrite-order-dependence	RequiredByDtd	removed characterDefinitionTable from 1 <Stratum> element(s)	InvalidOperationException: Unhandled exception. System.Xml.Schema.XmlSchemaException: The required attribute 'characterD...	dabo	ok::DABO|dabo	LoadFailure	InvalidOperationException: Unhandled exception. System.Xml.Schema.XmlSchemaException: The required attribute 'characterD...
Stratum	characterDefinitionTable	edge-cases/process-morphology-in-place-mutation	RequiredByDtd	removed characterDefinitionTable from 1 <Stratum> element(s)	InvalidOperationException: Unhandled exception. System.Xml.Schema.XmlSchemaException: The required attribute 'characterD...	i	ok::ROOT|i	LoadFailure	InvalidOperationException: Unhandled exception. System.Xml.Schema.XmlSchemaException: The required attribute 'characterD...
Stratum	characterDefinitionTable	edge-cases/rewrite-analysis-feature-neutralization	RequiredByDtd	removed characterDefinitionTable from 2 <Stratum> element(s)	InvalidOperationException: Unhandled exception. System.Xml.Schema.XmlSchemaException: The required attribute 'characterD...	d	ok::ROOT1|b;ROOT2|d	LoadFailure	InvalidOperationException: Unhandled exception. System.Xml.Schema.XmlSchemaException: The required attribute 'characterD...
Stratum	characterDefinitionTable	edge-cases/right-to-left-anchor-environment	RequiredByDtd	removed characterDefinitionTable from 1 <Stratum> element(s)	InvalidOperationException: Unhandled exception. System.Xml.Schema.XmlSchemaException: The required attribute 'characterD...	aae	ok::ROOT1|aae	LoadFailure	InvalidOperationException: Unhandled exception. System.Xml.Schema.XmlSchemaException: The required attribute 'characterD...
Stratum	characterDefinitionTable	edge-cases/simultaneous-epenthesis-cascade	RequiredByDtd	removed characterDefinitionTable from 1 <Stratum> element(s)	InvalidOperationException: Unhandled exception. System.Xml.Schema.XmlSchemaException: The required attribute 'characterD...	bubu	threw::InfiniteLoopException	LoadFailure	InvalidOperationException: Unhandled exception. System.Xml.Schema.XmlSchemaException: The required attribute 'characterD...
Stratum	characterDefinitionTable	edge-cases/stem-name-restricted-root-allomorph	RequiredByDtd	removed characterDefinitionTable from 1 <Stratum> element(s)	InvalidOperationException: Unhandled exception. System.Xml.Schema.XmlSchemaException: The required attribute 'characterD...	tam	ok::ROOT|tam	LoadFailure	InvalidOperationException: Unhandled exception. System.Xml.Schema.XmlSchemaException: The required attribute 'characterD...
Stratum	characterDefinitionTable	edge-cases/strrep-identity	RequiredByDtd	removed characterDefinitionTable from 1 <Stratum> element(s)	InvalidOperationException: Unhandled exception. System.Xml.Schema.XmlSchemaException: The required attribute 'characterD...	pat	ok::+|[(^0)∅]?+?pat;|pat	LoadFailure	InvalidOperationException: Unhandled exception. System.Xml.Schema.XmlSchemaException: The required attribute 'characterD...
Stratum	characterDefinitionTable	edge-cases/subrule-morphosyntactic-gating	RequiredByDtd	removed characterDefinitionTable from 1 <Stratum> element(s)	InvalidOperationException: Unhandled exception. System.Xml.Schema.XmlSchemaException: The required attribute 'characterD...	pat	ok::ROOT1|pat	LoadFailure	InvalidOperationException: Unhandled exception. System.Xml.Schema.XmlSchemaException: The required attribute 'characterD...
Stratum	characterDefinitionTable	edge-cases/synthesis-stratum-render-stale-table	RequiredByDtd	removed characterDefinitionTable from 2 <Stratum> element(s)	InvalidOperationException: Unhandled exception. System.Xml.Schema.XmlSchemaException: The required attribute 'characterD...	j	ok::ROOTCROSS|	LoadFailure	InvalidOperationException: Unhandled exception. System.Xml.Schema.XmlSchemaException: The required attribute 'characterD...
Stratum	characterDefinitionTable	edge-cases/truncate-morphotactic	RequiredByDtd	removed characterDefinitionTable from 1 <Stratum> element(s)	InvalidOperationException: Unhandled exception. System.Xml.Schema.XmlSchemaException: The required attribute 'characterD...	sag	ok::|sag	LoadFailure	InvalidOperationException: Unhandled exception. System.Xml.Schema.XmlSchemaException: The required attribute 'characterD...
Stratum	characterDefinitionTable	languages/fusional-realizational-morphology	RequiredByDtd	removed characterDefinitionTable from 2 <Stratum> element(s)	InvalidOperationException: Unhandled exception. System.Xml.Schema.XmlSchemaException: The required attribute 'characterD...	mun	ok::STEM|mun	LoadFailure	InvalidOperationException: Unhandled exception. System.Xml.Schema.XmlSchemaException: The required attribute 'characterD...
Stratum	characterDefinitionTable	languages/metathesis-phase-isolation	RequiredByDtd	removed characterDefinitionTable from 3 <Stratum> element(s)	InvalidOperationException: Unhandled exception. System.Xml.Schema.XmlSchemaException: The required attribute 'characterD...	idil	ok::-	LoadFailure	InvalidOperationException: Unhandled exception. System.Xml.Schema.XmlSchemaException: The required attribute 'characterD...
Stratum	characterDefinitionTable	languages/polysynthetic-stratal-derivation-chain	RequiredByDtd	removed characterDefinitionTable from 3 <Stratum> element(s)	InvalidOperationException: Unhandled exception. System.Xml.Schema.XmlSchemaException: The required attribute 'characterD...	nuna	ok::NUNA|nuna	LoadFailure	InvalidOperationException: Unhandled exception. System.Xml.Schema.XmlSchemaException: The required attribute 'characterD...
Stratum	characterDefinitionTable	languages/prefixal-discontinuous-slot-dependency	RequiredByDtd	removed characterDefinitionTable from 1 <Stratum> element(s)	InvalidOperationException: Unhandled exception. System.Xml.Schema.XmlSchemaException: The required attribute 'characterD...	shiyidkal	ok::SBJ+PRF+CLF+KAL|shiyidkal	LoadFailure	InvalidOperationException: Unhandled exception. System.Xml.Schema.XmlSchemaException: The required attribute 'characterD...
Stratum	characterDefinitionTable	languages/suffixing-evidential-adjacency-chain	RequiredByDtd	removed characterDefinitionTable from 1 <Stratum> element(s)	InvalidOperationException: Unhandled exception. System.Xml.Schema.XmlSchemaException: The required attribute 'characterD...	tupay	ok::TUPA+1SG|tupay;TUPA2+1SG|tupay	LoadFailure	InvalidOperationException: Unhandled exception. System.Xml.Schema.XmlSchemaException: The required attribute 'characterD...
Stratum	characterDefinitionTable	languages/suffixing-extension-slot-ordering	RequiredByDtd	removed characterDefinitionTable from 1 <Stratum> element(s)	InvalidOperationException: Unhandled exception. System.Xml.Schema.XmlSchemaException: The required attribute 'characterD...	mbe	ok::-	LoadFailure	InvalidOperationException: Unhandled exception. System.Xml.Schema.XmlSchemaException: The required attribute 'characterD...
Stratum	characterDefinitionTable	languages/suffixing-vowel-harmony	RequiredByDtd	removed characterDefinitionTable from 1 <Stratum> element(s)	InvalidOperationException: Unhandled exception. System.Xml.Schema.XmlSchemaException: The required attribute 'characterD...	semitide	ok::SEMIT+PAST|semitide	LoadFailure	InvalidOperationException: Unhandled exception. System.Xml.Schema.XmlSchemaException: The required attribute 'characterD...
Stratum	characterDefinitionTable	languages/templatic-root-modification	RequiredByDtd	removed characterDefinitionTable from 1 <Stratum> element(s)	InvalidOperationException: Unhandled exception. System.Xml.Schema.XmlSchemaException: The required attribute 'characterD...	katab	ok::KTB|katab	LoadFailure	InvalidOperationException: Unhandled exception. System.Xml.Schema.XmlSchemaException: The required attribute 'characterD...
Stratum	morphologicalRules	edge-cases/compounding-breadth	Evidenced	removed morphologicalRules from 1 <Stratum> element(s)	'katu': ok::KA+TU|katu -> ok::-	katu	ok::KA+TU|katu	Word	ok::-
Stratum	morphologicalRules	edge-cases/cross-table-root-respelling	Evidenced	removed morphologicalRules from 1 <Stratum> element(s)	'tu': ok::ROOT1+SUF|m;ROOT3+SUF|tu -> ok::-	tu	ok::ROOT1+SUF|m;ROOT3+SUF|tu	Word	ok::-
Stratum	morphologicalRules	edge-cases/diacritic-segments	Unobservable	removed morphologicalRules from 1 <Stratum> element(s)	all 13 word(s) unchanged	-	-	None	-
Stratum	morphologicalRules	edge-cases/disjunctive-recheck	Evidenced	removed morphologicalRules from 1 <Stratum> element(s)	'wokta': ok::+|wokta -> ok::-	wokta	ok::+|wokta	Word	ok::-
Stratum	morphologicalRules	edge-cases/feature-gating-breadth	Evidenced	removed morphologicalRules from 1 <Stratum> element(s)	'kalka': ok::KAL+AGR|kalka -> ok::-	kalka	ok::KAL+AGR|kalka	Word	ok::-
Stratum	morphologicalRules	edge-cases/feature-system-breadth	Evidenced	removed morphologicalRules from 1 <Stratum> element(s)	'ikt': ok::TI+SUF|ikt;TIK|ikt -> ok::TIK|ikt	ikt	ok::TI+SUF|ikt;TIK|ikt	Word	ok::TIK|ikt
Stratum	morphologicalRules	edge-cases/free-fluctuating-allomorph-pair	Evidenced	removed morphologicalRules from 1 <Stratum> element(s)	'kits': ok::ORD+SSFX|kits -> ok::-	kits	ok::ORD+SSFX|kits	Word	ok::-
Stratum	morphologicalRules	edge-cases/morphotactic-attribute-breadth	Evidenced	removed morphologicalRules from 2 <Stratum> element(s)	'topdo': ok::TOP+CONFEREXCL|topdo -> ok::-	topdo	ok::TOP+CONFEREXCL|topdo	Word	ok::-
Stratum	morphologicalRules	edge-cases/mpr-gated-exception	Evidenced	removed morphologicalRules from 1 <Stratum> element(s)	'menulik': ok::NPFX+TULIK|menulik -> ok::-	menulik	ok::NPFX+TULIK|menulik	Word	ok::-
Stratum	morphologicalRules	edge-cases/mpr-group-overwrite-without-realizational	Evidenced	removed morphologicalRules from 1 <Stratum> element(s)	'udof': ok::THEMEA+DOF|udof -> ok::-	udof	ok::THEMEA+DOF|udof	Word	ok::-
Stratum	morphologicalRules	edge-cases/mpr-overwrite-order-dependence	Evidenced	removed morphologicalRules from 1 <Stratum> element(s)	'daboxayu': ok::DABO+SETX+SETY|daboxayu -> ok::-	daboxayu	ok::DABO+SETX+SETY|daboxayu	Word	ok::-
Stratum	morphologicalRules	edge-cases/process-morphology-in-place-mutation	Evidenced	removed morphologicalRules from 1 <Stratum> element(s)	'a': ok::AROOT|a;ROOT+ABLAUT|a -> ok::AROOT|a	a	ok::AROOT|a;ROOT+ABLAUT|a	Word	ok::AROOT|a
Stratum	morphologicalRules	edge-cases/stem-name-restricted-root-allomorph	Evidenced	removed morphologicalRules from 1 <Stratum> element(s)	'kapom': ok::ROOT+PERS1|kapom -> ok::-	kapom	ok::ROOT+PERS1|kapom	Word	ok::-
Stratum	morphologicalRules	edge-cases/strrep-identity	Evidenced	removed morphologicalRules from 1 <Stratum> element(s)	'pat': ok::+|[(^0)∅]?+?pat;|pat -> ok::|pat	pat	ok::+|[(^0)∅]?+?pat;|pat	Word	ok::|pat
Stratum	morphologicalRules	edge-cases/subrule-morphosyntactic-gating	Evidenced	removed morphologicalRules from 1 <Stratum> element(s)	'bat': ok::ROOT1+DERIVE|bat -> ok::-	bat	ok::ROOT1+DERIVE|bat	Word	ok::-
Stratum	morphologicalRules	edge-cases/truncate-morphotactic	Evidenced	removed morphologicalRules from 1 <Stratum> element(s)	'sa': ok::+|sa -> ok::-	sa	ok::+|sa	Word	ok::-
Stratum	morphologicalRules	languages/fusional-realizational-morphology	Evidenced	removed morphologicalRules from 2 <Stratum> element(s)	'mano': ok::STEM+P1|mano -> ok::-	mano	ok::STEM+P1|mano	Word	ok::-
Stratum	morphologicalRules	languages/metathesis-phase-isolation	Evidenced	removed morphologicalRules from 3 <Stratum> element(s)	'mu+i': ok::MI+3SGU|mu+?i -> ok::-	mu+i	ok::MI+3SGU|mu+?i	Word	ok::-
Stratum	morphologicalRules	languages/polysynthetic-stratal-derivation-chain	Evidenced	removed morphologicalRules from 2 <Stratum> element(s)	'nunaliq': ok::NUNA+DERIV|nunaliq -> ok::-	nunaliq	ok::NUNA+DERIV|nunaliq	Word	ok::-
Stratum	morphologicalRules	languages/suffixing-evidential-adjacency-chain	Unobservable	removed morphologicalRules from 1 <Stratum> element(s)	all 28 word(s) unchanged	-	-	None	-
Stratum	morphologicalRules	languages/suffixing-extension-slot-ordering	Evidenced	removed morphologicalRules from 1 <Stratum> element(s)	'npael': ok::PPO+PHDESTROY|npael -> ok::-	npael	ok::PPO+PHDESTROY|npael	Word	ok::-
Stratum	morphologicalRules	languages/suffixing-vowel-harmony	Evidenced	removed morphologicalRules from 1 <Stratum> element(s)	'guan': ok::GAN+INTS|guan -> ok::-	guan	ok::GAN+INTS|guan	Word	ok::-
Stratum	morphologicalRules	languages/templatic-root-modification	Evidenced	removed morphologicalRules from 1 <Stratum> element(s)	'katabit': ok::KTB+P1SG|katabit -> ok::-	katabit	ok::KTB+P1SG|katabit	Word	ok::-
Stratum	phonologicalRules	edge-cases/alpha-variable-name-collision	Evidenced	removed phonologicalRules from 1 <Stratum> element(s)	'au': ok::- -> ok::AU|au	au	ok::-	Word	ok::AU|au
Stratum	phonologicalRules	edge-cases/feature-system-breadth	Evidenced	removed phonologicalRules from 1 <Stratum> element(s)	'ik': ok::AK|ik -> ok::-	ik	ok::AK|ik	Word	ok::-
Stratum	phonologicalRules	edge-cases/loader-default-symbol	Evidenced	removed phonologicalRules from 1 <Stratum> element(s)	'bdt': ok::- -> ok::|bdt	bdt	ok::-	Word	ok::|bdt
Stratum	phonologicalRules	edge-cases/metathesis-comparison-crash	Evidenced	removed phonologicalRules from 1 <Stratum> element(s)	'ti': ok::- -> ok::TI|ti	ti	ok::-	Word	ok::TI|ti
Stratum	phonologicalRules	edge-cases/mpr-gated-exception	Evidenced	removed phonologicalRules from 1 <Stratum> element(s)	'menulik': ok::NPFX+TULIK|menulik -> ok::-	menulik	ok::NPFX+TULIK|menulik	Word	ok::-
Stratum	phonologicalRules	edge-cases/rewrite-analysis-feature-neutralization	Evidenced	removed phonologicalRules from 1 <Stratum> element(s)	'd': ok::ROOT1|b;ROOT2|d -> ok::ROOT1|b	d	ok::ROOT1|b;ROOT2|d	Word	ok::ROOT1|b
Stratum	phonologicalRules	edge-cases/right-to-left-anchor-environment	Evidenced	removed phonologicalRules from 1 <Stratum> element(s)	'aae': ok::ROOT1|aae -> ok::-	aae	ok::ROOT1|aae	Word	ok::-
Stratum	phonologicalRules	edge-cases/simultaneous-epenthesis-cascade	Evidenced	removed phonologicalRules from 1 <Stratum> element(s)	'bubu': threw::InfiniteLoopException -> ok::|bubu	bubu	threw::InfiniteLoopException	Word	ok::|bubu
Stratum	phonologicalRules	edge-cases/subrule-morphosyntactic-gating	Evidenced	removed phonologicalRules from 1 <Stratum> element(s)	'pat': ok::ROOT1|pat -> ok::ROOT1+DERIVE|pat;ROOT1|pat	pat	ok::ROOT1|pat	Word	ok::ROOT1+DERIVE|pat;ROOT1|pat
Stratum	phonologicalRules	edge-cases/synthesis-stratum-render-stale-table	Evidenced	removed phonologicalRules from 1 <Stratum> element(s)	'j': ok::ROOTCROSS| -> ok::-	j	ok::ROOTCROSS|	Word	ok::-
Stratum	phonologicalRules	languages/metathesis-phase-isolation	Evidenced	removed phonologicalRules from 3 <Stratum> element(s)	'nui': ok::NIU|nui -> ok::-	nui	ok::NIU|nui	Word	ok::-
Stratum	phonologicalRules	languages/polysynthetic-stratal-derivation-chain	Evidenced	removed phonologicalRules from 1 <Stratum> element(s)	'bubu': ok::DR1|bubu;DR2|bubu;DR3|bubu -> ok::-	bubu	ok::DR1|bubu;DR2|bubu;DR3|bubu	Word	ok::-
Stratum	phonologicalRules	languages/suffixing-extension-slot-ordering	Evidenced	removed phonologicalRules from 1 <Stratum> element(s)	'nba': ok::PPO|nba -> ok::-	nba	ok::PPO|nba	Word	ok::-
Stratum	phonologicalRules	languages/suffixing-vowel-harmony	Evidenced	removed phonologicalRules from 1 <Stratum> element(s)	'semitide': ok::SEMIT+PAST|semitide -> ok::-	semitide	ok::SEMIT+PAST|semitide	Word	ok::-
Stratum	phonologicalRules	languages/templatic-root-modification	Evidenced	removed phonologicalRules from 1 <Stratum> element(s)	'katabit': ok::KTB+P1SG|katabit -> ok::-	katabit	ok::KTB+P1SG|katabit	Word	ok::-
SymbolicFeature	defaultSymbol	edge-cases/loader-default-symbol	Unobservable	removed defaultSymbol from 1 <SymbolicFeature> element(s)	all 2 word(s) unchanged	-	-	None	-
VariableFeature	phonologicalFeature	edge-cases/alpha-variable-name-collision	RequiredByDtd	removed phonologicalFeature from 2 <VariableFeature> element(s)	InvalidOperationException: Unhandled exception. System.Xml.Schema.XmlSchemaException: The required attribute 'phonologic...	au	ok::-	LoadFailure	InvalidOperationException: Unhandled exception. System.Xml.Schema.XmlSchemaException: The required attribute 'phonologic...
VariableFeature	phonologicalFeature	edge-cases/feature-system-breadth	RequiredByDtd	removed phonologicalFeature from 2 <VariableFeature> element(s)	InvalidOperationException: Unhandled exception. System.Xml.Schema.XmlSchemaException: The required attribute 'phonologic...	ik	ok::AK|ik	LoadFailure	InvalidOperationException: Unhandled exception. System.Xml.Schema.XmlSchemaException: The required attribute 'phonologic...
VariableFeature	phonologicalFeature	languages/suffixing-vowel-harmony	RequiredByDtd	removed phonologicalFeature from 1 <VariableFeature> element(s)	InvalidOperationException: Unhandled exception. System.Xml.Schema.XmlSchemaException: The required attribute 'phonologic...	semitide	ok::SEMIT+PAST|semitide	LoadFailure	InvalidOperationException: Unhandled exception. System.Xml.Schema.XmlSchemaException: The required attribute 'phonologic...
